0.00000000,0.00000000,0.00000000,0.00000000,0.07270525,-0.01423233,114.80070000
0.00000000,0.00000000,0.00000000,0.00000000,0.07270526,-0.01422685,114.80070000
0.00000000,0.00000000,0.00000000,0.00000000,0.07270572,-0.01376693,114.80000000
0.00000000,0.00000000,0.00000000,0.00000000,0.07270589,-0.01360267,114.79970000
0.00000000,0.00000000,0.00000000,0.00000000,0.07270595,-0.01354244,114.79960000
0.00000000,0.00000000,0.00000000,0.00000000,0.07270601,-0.01347947,114.79950000
0.00000000,0.00000000,0.00000000,0.00000000,0.07270607,-0.01341377,114.79940000
0.00000000,0.00000000,0.00000000,0.00000000,0.07270621,-0.01327415,114.79920000
0.00000000,0.00000000,0.00000000,0.00000000,0.07270628,-0.01320023,114.79910000
0.00000000,0.00000000,0.00000000,0.00000000,0.07270643,-0.01304418,114.79880000
0.00000000,0.00000000,0.00000000,0.00000000,0.07270658,-0.01287718,114.79860000
0.00000000,0.00000000,0.00000000,0.00000000,0.07270684,-0.01260614,114.79820000
0.00000000,0.00000000,0.00000000,0.00000000,0.07270701,-0.01241176,114.79790000
0.00000000,0.00000000,0.00000000,0.00000000,0.07270710,-0.01231046,114.79780000
0.00000000,0.00000000,0.00000000,0.00000000,0.07270738,-0.01199013,114.79730000
0.00000000,0.00000000,0.00000000,0.00000000,0.07270759,-0.01176289,114.79700000
0.00000000,0.00000000,0.00000000,0.00000000,0.07270768,-0.01164517,114.79690000
0.00000000,0.00000000,0.00000000,0.00000000,0.07270800,-0.01127555,114.79640000
0.00000000,0.00000000,0.00000000,0.00000000,0.07270820,-0.01101545,114.79600000
0.00000000,0.00000000,0.00000000,0.00000000,0.07270852,-0.01060475,114.79550000
0.00000000,0.00000000,0.00000000,0.00000000,0.07270864,-0.01046238,114.79540000
0.00000000,0.00000000,0.00000000,0.00000000,0.07270874,-0.01031726,114.79520000
0.00000000,0.00000000,0.00000000,0.00000000,0.07270919,-0.00970942,114.79450000
0.00000000,0.00000000,0.00000000,0.00000000,0.07270941,-0.00938907,114.79410000
0.00000000,0.00000000,0.00000000,0.00000000,0.07270963,-0.00905776,114.79380000
0.00000000,0.00000000,0.00000000,0.00000000,0.07270975,-0.00888800,114.79360000
0.00000000,0.00000000,0.00000000,0.00000000,0.07270996,-0.00854026,114.79330000
0.00000000,-0.00000018,0.00000000,0.00000000,0.07271022,-0.00811446,114.79290000
0.00000001,0.00000009,0.00000000,0.00000000,0.07271026,-0.00804433,114.79280000
0.00000002,0.00000039,0.00000000,0.00000000,0.07271031,-0.00795851,114.79270000
0.00000003,0.00000048,0.00000000,0.00000000,0.07271034,-0.00791240,114.79270000
0.00000003,0.00000052,0.00000000,0.00000000,0.07271035,-0.00788889,114.79260000
0.00000004,0.00000059,0.00000000,0.00000000,0.07271036,-0.00787943,114.79260000
0.00000004,0.00000064,0.00000000,0.00000000,0.07271036,-0.00787771,114.79260000
0.00000004,0.00000070,0.00000000,0.00000000,0.07271036,-0.00788110,114.79260000
0.00000004,0.00000071,0.00000000,0.00000000,0.07271035,-0.00788574,114.79260000
0.00000004,0.00000073,0.00000000,0.00000000,0.07271035,-0.00788706,114.79260000
0.00000004,0.00000074,0.00000000,0.00000000,0.07271035,-0.00788820,114.79260000
0.00000005,0.00000078,0.00000000,0.00000000,0.07271035,-0.00789058,114.79260000
0.00000005,0.00000080,0.00000000,0.00000000,0.07271035,-0.00789173,114.79260000
0.00000005,0.00000081,0.00000000,0.00000000,0.07271035,-0.00789193,114.79260000
0.00000005,0.00000082,0.00000000,0.00000000,0.07271035,-0.00789207,114.79260000
0.00000005,0.00000085,0.00000000,0.00000000,0.07271035,-0.00789222,114.79260000
0.00000005,0.00000086,0.00000000,0.00000000,0.07271035,-0.00789222,114.79260000
0.00000005,0.00000087,0.00000000,0.00000000,0.07271035,-0.00789218,114.79260000
0.00000006,0.00000089,0.00000000,0.00000000,0.07271035,-0.00789213,114.79260000
0.00000006,0.00000092,0.00000000,0.00000000,0.07271035,-0.00789205,114.79260000
0.00000006,0.00000090,0.00000000,0.00000000,0.07271035,-0.00789203,114.79260000
0.00000006,0.00000087,0.00000000,0.00000000,0.07271035,-0.00789201,114.79260000
0.00000006,0.00000085,0.00000000,0.00000000,0.07271035,-0.00789201,114.79260000
-0.00000003,-0.00000457,0.00000000,0.00000000,0.07271035,-0.00789201,114.79260000
-0.00000002,-0.00000106,0.00000000,0.00000000,0.07271035,-0.00789201,114.79260000
-0.00000011,-0.00000053,0.00000000,0.00000000,0.07271035,-0.00789201,114.79260000
-0.00000011,-0.00000010,0.00000000,0.00000000,0.07271035,-0.00789201,114.79260000
-0.00000010,-0.00000002,0.00000000,0.00000000,0.07271035,-0.00789202,114.79260000
-0.00000010,-0.00000002,0.00000000,0.00000000,0.07271035,-0.00789202,114.79260000
-0.00000010,-0.00000002,0.00000000,0.00000000,0.07271035,-0.00789202,114.79260000
-0.00000001,-0.00000022,0.00000000,0.00000000,0.07271035,-0.00789203,114.79260000
-0.00000002,-0.00000006,0.00000000,0.00000000,0.07271035,-0.00789203,114.79260000
0.00000007,-0.00000024,0.00000000,0.00000000,0.07271035,-0.00789203,114.79260000
0.00000024,0.00000036,0.00000000,0.00000000,0.07271035,-0.00789202,114.79260000
0.00000015,0.00000017,0.00000000,0.00000000,0.07271035,-0.00789201,114.79260000
0.00000007,0.00000001,0.00000000,0.00000000,0.07271035,-0.00789201,114.79260000
0.03841597,0.00000075,-0.00000141,0.00000000,0.07271039,-0.00789632,114.79260000
0.10245150,-0.00000895,-0.00000208,0.00000000,0.07271053,-0.00790368,114.79240000
0.23124820,0.00004197,-0.00000199,0.00000000,0.07271132,-0.00792177,114.79150000
0.42526490,0.00003821,-0.00000279,0.00000000,0.07271281,-0.00794561,114.78940000
0.48997900,0.00000074,-0.00000304,0.00000000,0.07271342,-0.00795164,114.78840000
0.61938160,-0.00002846,-0.00000284,0.00000000,0.07271510,-0.00796082,114.78600000
0.74879290,0.00000366,-0.00000285,0.00000000,0.07271693,-0.00796669,114.78320000
0.87806100,0.00001664,-0.00000306,0.00000000,0.07271926,-0.00797030,114.77980000
0.94266270,0.00001318,-0.00000386,0.00000000,0.07272055,-0.00797155,114.77790000
1.13642100,0.00001253,-0.00000371,0.00000000,0.07272483,-0.00797366,114.77150000
1.26557400,0.00003190,-0.00000377,0.00000000,0.07272804,-0.00797443,114.76650000
1.39469200,0.00002660,-0.00000397,0.00000000,0.07273170,-0.00797488,114.76110000
1.52380500,0.00005045,-0.00000401,0.00000000,0.07273577,-0.00797526,114.75510000
1.65293200,0.00002012,-0.00000468,0.00000000,0.07274017,-0.00797560,114.74860000
1.84658900,-0.00000171,-0.00000559,0.00000000,0.07274744,-0.00797629,114.73790000
1.97568600,-0.00001638,-0.00000517,0.00000000,0.07275265,-0.00797682,114.73010000
2.04022200,-0.00001866,-0.00000596,0.00000000,0.07275535,-0.00797711,114.72600000
2.16933900,0.00001009,-0.00000608,0.00000000,0.07276116,-0.00797757,114.71740000
2.29847100,0.00003080,-0.00000628,0.00000000,0.07276721,-0.00797819,114.70830000
2.49212200,0.00002547,-0.00000606,0.00000000,0.07277683,-0.00797921,114.69380000
2.62121800,0.00003401,-0.00000691,0.00000000,0.07278380,-0.00797992,114.68340000
2.68576400,0.00003554,-0.00000702,0.00000000,0.07278731,-0.00798030,114.67800000
2.81488400,0.00002742,-0.00000670,0.00000000,0.07279467,-0.00798106,114.66690000
3.00855800,0.00003054,-0.00000771,0.00000000,0.07280638,-0.00798232,114.64920000
3.13764100,0.00001421,-0.00000800,0.00000000,0.07281466,-0.00798312,114.63670000
3.26675100,0.00002764,-0.00000814,0.00000000,0.07282308,-0.00798409,114.62380000
3.33129800,0.00001804,-0.00000830,0.00000000,0.07282751,-0.00798454,114.61710000
3.52496300,0.00000530,-0.00000860,0.00000000,0.07284120,-0.00798596,114.59630000
3.71860700,0.00001333,-0.00000832,0.00000000,0.07285555,-0.00798742,114.57430000
3.78313700,0.00001862,-0.00000911,0.00000000,0.07286055,-0.00798795,114.56680000
3.91226000,0.00003378,-0.00000928,0.00000000,0.07287072,-0.00798904,114.55120000
4.04137000,0.00004250,-0.00000952,0.00000000,0.07288123,-0.00799017,114.53510000
4.17049200,0.00004160,-0.00000913,0.00000000,0.07289217,-0.00799129,114.51860000
4.29958900,0.00004687,-0.00001004,0.00000000,0.07290322,-0.00799252,114.50150000
4.36414400,0.00003526,-0.00001019,0.00000000,0.07290898,-0.00799311,114.49270000
4.62236500,0.00001900,-0.00001063,0.00000000,0.07293276,-0.00799558,114.45650000
4.68691100,0.00002471,-0.00001074,0.00000000,0.07293884,-0.00799625,114.44710000
4.81602900,0.00001693,-0.00001101,0.00000000,0.07295133,-0.00799754,114.42790000
4.88057600,0.00002745,-0.00001112,0.00000000,0.07295775,-0.00799821,114.41820000
5.08742200,0.00004911,-0.00001121,0.00000000,0.07297758,-0.00800373,114.38800000
5.20678800,0.00004546,-0.00001159,0.00000000,0.07299108,-0.00800504,114.36730000
5.48298700,0.00007776,0.00004553,0.00000000,0.07301856,-0.00800899,114.32430000
5.44907100,0.00005530,-0.00012087,0.00000000,0.07302772,-0.00799754,114.31330000
5.61286400,0.00005670,-0.00016981,0.00000000,0.07303796,-0.00800790,114.30210000
5.74465300,0.00008863,0.00019966,0.00000000,0.07304566,-0.00801078,114.27940000
5.83799600,0.00008319,-0.00005071,0.00000000,0.07307313,-0.00800496,114.24450000
5.96771900,0.00009801,0.00001265,0.00000000,0.07308953,-0.00800736,114.22050000
6.13541900,0.00009751,-0.00000396,0.00000000,0.07309750,-0.00801882,114.20820000
6.26590900,0.00010694,-0.00002433,0.00000000,0.07311393,-0.00802100,114.18350000
6.35807200,0.00009631,-0.00002347,0.00000000,0.07313942,-0.00801375,114.14540000
6.48990600,0.00011948,-0.00004736,0.00000000,0.07315786,-0.00801594,114.11930000
6.66177000,0.00013218,-0.00006719,0.00000000,0.07316756,-0.00802788,114.10600000
6.77307700,0.00015282,-0.00044769,0.00000000,0.07320614,-0.00802320,114.06550000
7.01084500,0.00018309,-0.00009590,0.00000000,0.07323410,-0.00802186,114.00960000
7.15216000,0.00018425,-0.00028173,0.00000000,0.07325909,-0.00802495,113.98090000
7.32292300,0.00019844,-0.00006115,0.00000000,0.07326957,-0.00803712,113.96620000
7.30422100,0.00022356,-0.00037248,0.00000000,0.07328558,-0.00803070,113.95160000
7.41809400,0.00019864,0.00120318,0.00000000,0.07327206,-0.00803018,113.92180000
7.57375300,0.00018317,-0.00007693,0.00000000,0.07328315,-0.00803994,113.90670000
7.70976000,0.00016290,-0.00004800,0.00000000,0.07330367,-0.00804245,113.87610000
7.83761000,0.00014127,-0.00020629,0.00000000,0.07332553,-0.00804520,113.84500000
7.93957300,0.00014827,0.00007874,0.00000000,0.07335958,-0.00803886,113.79760000
8.22519200,0.00014422,-0.00003105,0.00000000,0.07339501,-0.00805101,113.74870000
8.35350100,0.00015480,-0.00004126,0.00000000,0.07341669,-0.00805315,113.71560000
8.31914900,0.00015658,0.00000275,0.00000000,0.07342735,-0.00804426,113.69890000
8.44595100,0.00017491,0.00000389,0.00000000,0.07344992,-0.00804630,113.66500000
8.57306000,0.00016203,0.00000367,0.00000000,0.07347257,-0.00804861,113.63050000
8.86635700,0.00018990,-0.00002696,0.00000000,0.07350771,-0.00806253,113.57780000
8.82757200,0.00018198,-0.00001079,0.00000000,0.07351915,-0.00805341,113.56020000
8.95534700,0.00019978,-0.00002449,0.00000000,0.07354349,-0.00805605,113.52420000
9.08342400,0.00019732,-0.00003538,0.00000000,0.07356818,-0.00805864,113.48770000
9.37906300,0.00022394,-0.00002931,0.00000000,0.07360618,-0.00807313,113.43200000
9.50766500,0.00023118,-0.00002838,0.00000000,0.07363214,-0.00807587,113.39420000
9.47064900,0.00024028,-0.00005434,0.00000000,0.07364532,-0.00806701,113.37520000
9.76493000,0.00026497,-0.00001720,0.00000000,0.07368471,-0.00808149,113.31710000
9.89345100,0.00026082,-0.00001723,0.00000000,0.07371155,-0.00808423,113.27780000
10.02213000,0.00028399,-0.00001230,0.00000000,0.07373863,-0.00808703,113.23800000
9.98943100,0.00029836,-0.00005322,0.00000000,0.07375252,-0.00807870,113.21800000
10.27935000,0.00032261,-0.00000232,0.00000000,0.07379356,-0.00809275,113.15680000
10.24951000,0.00032325,-0.00005575,0.00000000,0.07380792,-0.00808472,113.13630000
10.37967000,0.00034067,-0.00005680,0.00000000,0.07383595,-0.00808776,113.09470000
10.50991000,0.00036336,-0.00005862,0.00000000,0.07386436,-0.00809083,113.05250000
10.79299000,0.00039537,0.00001176,0.00000000,0.07390725,-0.00810444,112.98820000
10.90125000,0.00039992,-0.00006818,0.00000000,0.07395200,-0.00810050,112.92290000
11.03194000,0.00042243,-0.00007307,0.00000000,0.07398193,-0.00810372,112.87870000
11.17764000,0.00043881,0.00002465,0.00000000,0.07399612,-0.00811343,112.85630000
11.30562000,0.00044976,0.00002974,0.00000000,0.07402652,-0.00811654,112.81130000
11.43339000,0.00046596,0.00003512,0.00000000,0.07405727,-0.00811961,112.76580000
11.55630000,0.00049011,-0.00009936,0.00000000,0.07410543,-0.00811746,112.69660000
11.68874000,0.00050770,0.00005268,0.00000000,0.07411996,-0.00812588,112.67320000
11.81590000,0.00051492,0.00006183,0.00000000,0.07415161,-0.00812898,112.62610000
11.94284000,0.00053887,0.00007357,0.00000000,0.07418384,-0.00813210,112.57850000
11.95218000,0.00054487,-0.00013430,0.00000000,0.07420204,-0.00812829,112.55460000
12.19561000,0.00056599,0.00010605,0.00000000,0.07424910,-0.00813845,112.48180000
12.32131000,0.00059070,0.00012350,0.00000000,0.07428223,-0.00814153,112.43260000
12.35168000,0.00059637,-0.00017874,0.00000000,0.07430182,-0.00814002,112.40790000
12.57160000,0.00063575,0.00013299,0.00000000,0.07434994,-0.00814778,112.33280000
12.69704000,0.00063942,0.00010468,0.00000000,0.07438440,-0.00815101,112.28210000
12.75175000,0.00064709,-0.00011599,0.00000000,0.07440346,-0.00815195,112.25650000
12.88315000,0.00066179,-0.00007078,0.00000000,0.07443789,-0.00815588,112.20500000
13.07925000,0.00069943,-0.00000333,0.00000000,0.07449000,-0.00816163,112.12680000
13.27235000,0.00072475,-0.00002247,0.00000000,0.07454392,-0.00816718,112.04750000
13.40151000,0.00073847,-0.00002249,0.00000000,0.07458025,-0.00817105,111.99390000
13.46610000,0.00075055,-0.00002072,0.00000000,0.07459860,-0.00817302,111.96690000
13.59520000,0.00076935,-0.00002290,0.00000000,0.07463571,-0.00817695,111.91260000
13.78884000,0.00079615,-0.00002435,0.00000000,0.07469209,-0.00818298,111.83010000
13.85339000,0.00080876,-0.00002469,0.00000000,0.07471104,-0.00818495,111.80240000
13.98249000,0.00082975,-0.00002539,0.00000000,0.07474934,-0.00818898,111.74650000
14.17613000,0.00085406,-0.00002698,0.00000000,0.07480744,-0.00819513,111.66170000
14.30525000,0.00088076,-0.00002672,0.00000000,0.07484668,-0.00819925,111.60450000
14.43433000,0.00090261,-0.00002637,0.00000000,0.07488632,-0.00820348,111.54690000
14.49889000,0.00091099,-0.00002733,0.00000000,0.07490624,-0.00820559,111.51780000
14.69254000,0.00094166,-0.00002789,0.00000000,0.07496676,-0.00821204,111.42990000
14.82164000,0.00096901,-0.00002826,0.00000000,0.07500756,-0.00821636,111.37070000
14.88618000,0.00098304,-0.00002768,0.00000000,0.07502807,-0.00821851,111.34090000
15.07987000,0.00100582,-0.00002885,0.00000000,0.07509025,-0.00822512,111.25060000
15.20896000,0.00103335,-0.00002837,0.00000000,0.07513224,-0.00822962,111.18980000
15.33807000,0.00106104,-0.00002865,0.00000000,0.07517462,-0.00823407,111.12850000
15.46717000,0.00108105,-0.00002890,0.00000000,0.07521743,-0.00823856,111.06670000
15.53172000,0.00108669,-0.00003057,0.00000000,0.07523911,-0.00824088,111.03560000
15.78992000,0.00115162,-0.00003044,0.00000000,0.07532675,-0.00825010,110.90990000
15.91900000,0.00117448,-0.00002990,0.00000000,0.07537124,-0.00825483,110.84620000
15.98355000,0.00118563,-0.00002998,0.00000000,0.07539362,-0.00825722,110.81420000
16.11266000,0.00121246,-0.00003100,0.00000000,0.07543869,-0.00826196,110.74980000
16.24176000,0.00124489,-0.00003128,0.00000000,0.07548408,-0.00826675,110.68490000
16.43540000,0.00128636,-0.00003088,0.00000000,0.07555296,-0.00827395,110.58650000
16.49994000,0.00129473,-0.00003252,0.00000000,0.07557625,-0.00827643,110.55350000
16.62904000,0.00132827,-0.00003124,0.00000000,0.07562286,-0.00828139,110.48700000
16.82270000,0.00137510,-0.00003239,0.00000000,0.07569359,-0.00828884,110.38630000
17.01634000,0.00142398,-0.00003197,0.00000000,0.07576535,-0.00829643,110.28450000
17.08090000,0.00143769,-0.00003285,0.00000000,0.07578947,-0.00829897,110.25030000
17.14543000,0.00145576,-0.00003220,0.00000000,0.07581372,-0.00830155,110.21590000
17.40364000,0.00152115,-0.00003346,0.00000000,0.07591157,-0.00831190,110.07730000
17.59729000,0.00156846,-0.00003376,0.00000000,0.07598606,-0.00831982,109.97190000
17.66184000,0.00158706,-0.00003388,0.00000000,0.07601124,-0.00832246,109.93650000
17.72637000,0.00160598,-0.00003399,0.00000000,0.07603641,-0.00832521,109.90100000
17.92005000,0.00166287,-0.00003273,0.00000000,0.07611236,-0.00833311,109.79380000
18.11366000,0.00170821,-0.00003468,0.00000000,0.07618937,-0.00834132,109.68530000
18.17821000,0.00172018,-0.00003556,0.00000000,0.07621539,-0.00834410,109.64890000
18.24276000,0.00174321,-0.00003499,0.00000000,0.07624141,-0.00834684,109.61240000
18.37185000,0.00178223,-0.00003523,0.00000000,0.07629368,-0.00835236,109.53890000
18.56555000,0.00183394,-0.00003564,0.00000000,0.07637294,-0.00836072,109.42780000
18.69466000,0.00187455,-0.00003602,0.00000000,0.07642629,-0.00836637,109.35300000
18.75916000,0.00188803,-0.00003611,0.00000000,0.07645319,-0.00836919,109.31550000
18.88826000,0.00192828,-0.00003636,0.00000000,0.07650719,-0.00837487,109.23990000
19.08190000,0.00198270,-0.00003670,0.00000000,0.07658906,-0.00838373,109.12570000
19.21099000,0.00202362,-0.00003693,0.00000000,0.07664426,-0.00838957,109.04890000
19.34008000,0.00206541,-0.00003716,0.00000000,0.07669980,-0.00839545,108.97150000
19.40463000,0.00208659,-0.00003728,0.00000000,0.07672778,-0.00839840,108.93270000
19.59831000,0.00212328,-0.00003908,0.00000000,0.07681253,-0.00840731,108.81530000
19.79193000,0.00219448,-0.00003798,0.00000000,0.07689817,-0.00841640,108.69680000
19.85646000,0.00221593,-0.00003810,0.00000000,0.07692703,-0.00841950,108.65700000
19.98557000,0.00225212,-0.00003817,0.00000000,0.07698491,-0.00842561,108.57710000
20.11466000,0.00230215,-0.00003841,0.00000000,0.07704347,-0.00843176,108.49670000
20.30831000,0.00236240,-0.00003866,0.00000000,0.07713196,-0.00844116,108.37510000
20.43740000,0.00241459,-0.00003895,0.00000000,0.07719168,-0.00844761,108.29340000
20.50195000,0.00243223,-0.00003902,0.00000000,0.07722171,-0.00845079,108.25230000
20.69561000,0.00250394,-0.00003943,0.00000000,0.07731250,-0.00846033,108.12840000
20.88926000,0.00257521,-0.00003837,0.00000000,0.07740431,-0.00846999,108.00330000
21.01833000,0.00261830,-0.00004016,0.00000000,0.07746611,-0.00847640,107.91920000
21.08288000,0.00264322,-0.00003951,0.00000000,0.07749709,-0.00847972,107.87700000
21.14742000,0.00266177,-0.00004111,0.00000000,0.07752828,-0.00848304,107.83460000
21.27651000,0.00271208,-0.00003979,0.00000000,0.07759103,-0.00848965,107.74960000
21.40563000,0.00276261,-0.00003914,0.00000000,0.07765425,-0.00849644,107.66390000
21.53476000,0.00281270,-0.00004082,0.00000000,0.07771792,-0.00850309,107.57790000
21.59926000,0.00283871,-0.00004014,0.00000000,0.07775003,-0.00850649,107.53460000
21.79292000,0.00291622,-0.00004039,0.00000000,0.07784661,-0.00851673,107.40410000
21.98656000,0.00298921,-0.00004147,0.00000000,0.07794446,-0.00852706,107.27240000
22.05109000,0.00301288,-0.00004237,0.00000000,0.07797722,-0.00853057,107.22820000
22.18018000,0.00306646,-0.00004108,0.00000000,0.07804329,-0.00853760,107.13950000
22.30929000,0.00311683,-0.00004206,0.00000000,0.07810985,-0.00854463,107.05030000
22.50292000,0.00320564,-0.00004260,0.00000000,0.07821063,-0.00855532,106.91550000
22.63200000,0.00325598,-0.00004201,0.00000000,0.07827830,-0.00856253,106.82500000
22.69656000,0.00328074,-0.00004284,0.00000000,0.07831230,-0.00856614,106.77960000
22.89020000,0.00336525,-0.00004324,0.00000000,0.07841519,-0.00857700,106.64250000
23.08384000,0.00345122,-0.00004358,0.00000000,0.07851930,-0.00858797,106.50420000
23.14837000,0.00348008,-0.00004292,0.00000000,0.07855415,-0.00859168,106.45780000
23.21292000,0.00350579,-0.00004296,0.00000000,0.07858922,-0.00859540,106.41140000
23.34202000,0.00355997,-0.00004393,0.00000000,0.07865987,-0.00860300,106.31800000
23.53568000,0.00365008,-0.00004354,0.00000000,0.07876632,-0.00861421,106.17700000
23.60023000,0.00367656,-0.00004359,0.00000000,0.07880217,-0.00861802,106.12980000
23.72934000,0.00373550,-0.00004463,0.00000000,0.07887412,-0.00862571,106.03490000
23.92296000,0.00382221,-0.00004501,0.00000000,0.07898311,-0.00863722,105.89160000
24.05204000,0.00387927,-0.00004441,0.00000000,0.07905640,-0.00864500,105.79540000
24.18114000,0.00393924,-0.00004546,0.00000000,0.07913023,-0.00865284,105.69870000
24.24567000,0.00396967,-0.00004481,0.00000000,0.07916749,-0.00865678,105.65010000
24.43931000,0.00406208,-0.00004677,0.00000000,0.07927956,-0.00866873,105.50370000
24.63294000,0.00414772,-0.00004707,0.00000000,0.07939301,-0.00868076,105.35620000
24.69750000,0.00418211,-0.00004646,0.00000000,0.07943121,-0.00868478,105.30670000
24.76204000,0.00421376,-0.00004658,0.00000000,0.07946953,-0.00868880,105.25710000
24.95567000,0.00430584,-0.00004677,0.00000000,0.07958496,-0.00870102,105.10760000
25.14933000,0.00440229,-0.00004625,0.00000000,0.07970152,-0.00871343,104.95690000
25.21388000,0.00443434,-0.00004790,0.00000000,0.07974079,-0.00871761,104.90650000
25.34297000,0.00450089,-0.00004822,0.00000000,0.07981971,-0.00872587,104.80510000
25.47205000,0.00456843,-0.00004776,0.00000000,0.07989918,-0.00873438,104.70320000
25.60114000,0.00463105,-0.00004871,0.00000000,0.07997911,-0.00874276,104.60090000
25.73022000,0.00470248,-0.00004826,0.00000000,0.08005968,-0.00875131,104.49800000
25.85931000,0.00477527,-0.00004859,0.00000000,0.08014072,-0.00875992,104.39450000
25.98840000,0.00484393,-0.00004883,0.00000000,0.08022242,-0.00876860,104.29060000
26.18207000,0.00495195,-0.00004917,0.00000000,0.08034591,-0.00878166,104.13380000
26.31117000,0.00501957,-0.00004936,0.00000000,0.08042891,-0.00879040,104.02850000
26.37568000,0.00505816,-0.00004949,0.00000000,0.08047068,-0.00879486,103.97570000
26.56932000,0.00516854,-0.00004980,0.00000000,0.08059661,-0.00880830,103.81650000
26.76295000,0.00528045,-0.00004936,0.00000000,0.08072393,-0.00882177,103.65620000
26.82751000,0.00531536,-0.00005017,0.00000000,0.08076671,-0.00882624,103.60250000
26.89205000,0.00535533,-0.00005030,0.00000000,0.08080953,-0.00883075,103.54860000
27.08566000,0.00546989,-0.00005064,0.00000000,0.08093912,-0.00884462,103.38640000
27.21472000,0.00554436,-0.00005087,0.00000000,0.08102620,-0.00885376,103.27750000
27.27929000,0.00558278,-0.00005100,0.00000000,0.08106995,-0.00885840,103.22290000
27.40839000,0.00565744,-0.00005199,0.00000000,0.08115796,-0.00886775,103.11330000
27.60205000,0.00578340,-0.00005091,0.00000000,0.08129098,-0.00888187,102.94790000
27.73114000,0.00585776,-0.00005096,0.00000000,0.08138044,-0.00889135,102.83700000
27.79568000,0.00589702,-0.00005257,0.00000000,0.08142540,-0.00889614,102.78140000
27.92477000,0.00597977,-0.00005208,0.00000000,0.08151571,-0.00890568,102.66970000
28.11836000,0.00610079,-0.00005241,0.00000000,0.08165240,-0.00892025,102.50130000
28.24748000,0.00618223,-0.00005343,0.00000000,0.08174425,-0.00893000,102.38830000
28.37656000,0.00626218,-0.00005288,0.00000000,0.08183669,-0.00893975,102.27480000
28.44112000,0.00630319,-0.00005378,0.00000000,0.08188318,-0.00894470,102.21790000
28.63473000,0.00642984,-0.00005343,0.00000000,0.08202344,-0.00895967,102.04630000
28.82838000,0.00655555,-0.00005372,0.00000000,0.08216518,-0.00897466,101.87360000
28.89291000,0.00659756,-0.00005461,0.00000000,0.08221272,-0.00897972,101.81570000
28.95745000,0.00664240,-0.00005323,0.00000000,0.08226046,-0.00898479,101.75780000
29.15106000,0.00677256,-0.00005441,0.00000000,0.08240452,-0.00900013,101.58310000
29.34472000,0.00689413,-0.00005463,0.00000000,0.08255000,-0.00901554,101.40730000
29.47381000,0.00698478,-0.00005494,0.00000000,0.08264821,-0.00902595,101.28940000
29.53836000,0.00702637,-0.00005581,0.00000000,0.08269753,-0.00903120,101.23030000
29.66748000,0.00711729,-0.00005533,0.00000000,0.08279660,-0.00904165,101.11170000
29.79653000,0.00720962,-0.00005640,0.00000000,0.08289640,-0.00905224,100.99250000
29.92560000,0.00730099,-0.00005581,0.00000000,0.08299682,-0.00906289,100.87280000
29.99015000,0.00734913,-0.00005592,0.00000000,0.08304729,-0.00906829,100.81280000
30.11924000,0.00743740,-0.00005603,0.00000000,0.08314867,-0.00907897,100.69240000
30.31288000,0.00758022,-0.00005649,0.00000000,0.08330205,-0.00909526,100.51070000
30.50649000,0.00772244,-0.00005599,0.00000000,0.08345688,-0.00911163,100.32790000
30.57104000,0.00776760,-0.00005758,0.00000000,0.08350886,-0.00911715,100.26680000
30.70012000,0.00786832,-0.00005793,0.00000000,0.08361331,-0.00912825,100.14400000
30.89377000,0.00801684,-0.00005667,0.00000000,0.08377117,-0.00914502,99.95887000
31.08739000,0.00816730,-0.00005774,0.00000000,0.08393072,-0.00916192,99.77261000
31.15195000,0.00821946,-0.00005707,0.00000000,0.08398417,-0.00916760,99.71025000
31.34558000,0.00836819,-0.00005890,0.00000000,0.08414575,-0.00918479,99.52245000
31.79737000,0.00873312,-0.00005827,0.00000000,0.08452902,-0.00922536,99.07969000
31.99099000,0.00888921,-0.00006021,0.00000000,0.08469600,-0.00924306,98.88801000
32.05552000,0.00894392,-0.00005961,0.00000000,0.08475204,-0.00924904,98.82385000
32.12005000,0.00899661,-0.00005971,0.00000000,0.08480819,-0.00925505,98.75957000
32.18460000,0.00904946,-0.00005981,0.00000000,0.08486459,-0.00926108,98.69516000
32.31371000,0.00915555,-0.00006001,0.00000000,0.08497795,-0.00927307,98.56596000
32.37823000,0.00920880,-0.00006088,0.00000000,0.08503485,-0.00927913,98.50115000
32.50732000,0.00931807,-0.00006034,7.65470800,0.08514925,-0.00929122,98.37119000
32.61710000,-0.15695320,0.01553442,11.99877000,0.08484157,-0.00930699,98.24164000
32.66249000,-0.26316810,0.02541018,15.73397000,0.08444171,-0.00931364,98.17723000
32.70265000,-0.36770130,0.03501939,19.46911000,0.08386979,-0.00931864,98.11309000
32.80054000,-0.66622170,0.06137938,11.78751000,0.08120368,-0.00932813,97.92215000
32.91725000,-0.96915660,0.08655750,3.91187700,0.07715680,-0.00934230,97.73299000
32.97731000,-0.98291760,0.08644103,0.17686190,0.07566182,-0.00934763,97.66988000
33.04120000,-0.96004190,0.08252662,0.00000000,0.07423706,-0.00935325,97.60648000
33.23526000,-0.90696840,0.07135832,0.00000000,0.07036962,-0.00937404,97.41439000
33.42957000,-0.87803440,0.06199455,0.00000000,0.06703418,-0.00939593,97.21983000
33.49432000,-0.87281720,0.05920691,0.00000000,0.06602562,-0.00940289,97.15449000
33.62362000,-0.86795530,0.05406049,0.00000000,0.06414728,-0.00941686,97.02309000
33.75273000,-0.86960300,0.04942828,0.00000000,0.06243873,-0.00943062,96.89078000
33.94613000,-0.88198690,0.04329935,0.00000000,0.06015773,-0.00945095,96.69082000
34.01053000,-0.88830070,0.04144750,0.00000000,0.05946562,-0.00945779,96.62372000
34.13916000,-0.90362810,0.03800371,0.00000000,0.05817380,-0.00947130,96.48904000
34.33206000,-0.93216970,0.03339934,0.00000000,0.05644727,-0.00949156,96.28563000
34.46044000,-0.95404830,0.03066329,0.00000000,0.05542228,-0.00950529,96.14912000
34.65293000,-0.99003620,0.02699179,0.00000000,0.05405277,-0.00952580,95.94313000
34.78119000,-1.01558600,0.02480008,0.00000000,0.05324053,-0.00953957,95.80499000
34.84527000,-1.02870600,0.02377386,0.00000000,0.05286216,-0.00954644,95.73569000
34.97340000,-1.05546700,0.02184970,0.00000000,0.05215672,-0.00956029,95.59658000
35.03750000,-1.06906300,0.02094885,0.00000000,0.05182811,-0.00956726,95.52679000
35.16560000,-1.09652300,0.01925690,0.00000000,0.05121642,-0.00958129,95.38678000
35.29367000,-1.12421400,0.01770549,0.00000000,0.05066079,-0.00959528,95.24613000
35.48571000,-1.16586700,0.01561813,0.00000000,0.04992210,-0.00961647,95.03407000
35.54973000,-1.17972800,0.01498016,0.00000000,0.04969909,-0.00962357,94.96308000
35.67776000,-1.20732100,0.01378467,0.00000000,0.04928513,-0.00963795,94.82067000
35.93381000,-1.26170400,0.01168478,0.00000000,0.04857225,-0.00966700,94.53414000
36.06190000,-1.28837100,0.01076209,0.00000000,0.04826690,-0.00968148,94.39002000
36.18992000,-1.31459200,0.00991845,0.00000000,0.04799229,-0.00969611,94.24536000
36.31799000,-1.34035100,0.00914257,0.00000000,0.04774571,-0.00971101,94.10011000
36.51012000,-1.37802200,0.00809784,0.00000000,0.04742289,-0.00973336,93.88122000
36.70223000,-1.41447400,0.00717915,0.00000000,0.04715080,-0.00975607,93.66107000
36.76635000,-1.42635800,0.00689830,0.00000000,0.04707047,-0.00976353,93.58743000
36.89450000,-1.44968900,0.00637015,0.00000000,0.04692359,-0.00977889,93.43971000
37.08672000,-1.48360600,0.00565622,0.00000000,0.04673559,-0.00980192,93.21714000
37.27906000,-1.51625100,0.00502786,0.00000000,0.04658276,-0.00982528,92.99334000
37.34314000,-1.52684400,0.00483459,0.00000000,0.04653863,-0.00983309,92.91850000
37.47141000,-1.54762600,0.00447252,0.00000000,0.04646057,-0.00984890,92.76836000
37.59969000,-1.56784900,0.00413892,0.00000000,0.04639405,-0.00986468,92.61771000
37.79211000,-1.59717900,0.00368570,0.00000000,0.04631544,-0.00988869,92.39071000
37.85631000,-1.60669800,0.00354678,0.00000000,0.04629455,-0.00989673,92.31476000
37.98462000,-1.62533600,0.00328485,0.00000000,0.04625927,-0.00991279,92.16251000
38.17717000,-1.65235600,0.00293100,0.00000000,0.04622273,-0.00993741,91.93314000
38.30559000,-1.66977300,0.00271621,0.00000000,0.04620843,-0.00995383,91.77957000
38.43396000,-1.68670900,0.00251844,0.00000000,0.04620156,-0.00997040,91.62544000
38.56239000,-1.70320000,0.00233484,0.00000000,0.04620140,-0.00998710,91.47083000
38.75510000,-1.72712600,0.00208485,0.00000000,0.04621275,-0.01001237,91.23788000
38.94785000,-1.75012100,0.00186445,0.00000000,0.04623662,-0.01003784,91.00379000
39.01210000,-1.75758400,0.00179668,0.00000000,0.04624724,-0.01004638,90.92550000
39.14059000,-1.77222700,0.00166809,0.00000000,0.04627212,-0.01006357,90.76849000
39.33337000,-1.79350700,0.00149208,0.00000000,0.04631787,-0.01008973,90.53202000
39.52625000,-1.81401100,0.00133479,-7.87409300,0.04637309,-0.01011590,90.29436000
39.58541000,-1.73282000,-0.00685212,-12.68658000,0.04654019,-0.01012148,90.21475000
39.68357000,-1.52930400,-0.02704705,-16.46400000,0.04742016,-0.01012834,90.05469000
39.76822000,-1.32942900,-0.04624503,-22.21403000,0.04900055,-0.01013494,89.89352000
39.87781000,-1.05726200,-0.07102394,-11.66357000,0.05252727,-0.01014804,89.64980000
40.00037000,-0.76111670,-0.09632853,-3.19200000,0.05740985,-0.01016809,89.40347000
40.06014000,-0.75448690,-0.09586380,0.00000000,0.05917924,-0.01018179,89.32085000
40.18518000,-0.79930020,-0.08845934,0.00000000,0.06251852,-0.01021397,89.15533000
40.31291000,-0.83074310,-0.08172917,0.00000000,0.06561202,-0.01024359,88.98943000
40.50592000,-0.85791270,-0.07280260,0.00000000,0.06984320,-0.01028213,88.73988000
40.57041000,-0.86232350,-0.07009752,0.00000000,0.07115432,-0.01029369,88.65652000
40.69953000,-0.86511490,-0.06502817,0.00000000,0.07364134,-0.01031562,88.48954000
40.89351000,-0.85630500,-0.05818898,0.00000000,0.07706194,-0.01034648,88.23842000
41.02279000,-0.84321200,-0.05407824,0.00000000,0.07915469,-0.01036639,88.07059000
41.08747000,-0.83482670,-0.05213969,0.00000000,0.08014943,-0.01037622,87.98656000
41.21685000,-0.81487280,-0.04848015,0.00000000,0.08204190,-0.01039591,87.81823000
41.41085000,-0.77827810,-0.04348305,0.00000000,0.08465672,-0.01042535,87.56509000
41.60481000,-0.73543720,-0.03900483,0.00000000,0.08702896,-0.01045487,87.31119000
41.66944000,-0.72007060,-0.03761764,0.00000000,0.08777016,-0.01046474,87.22638000
41.73403000,-0.70425760,-0.03627765,0.00000000,0.08848839,-0.01047459,87.14149000
41.92787000,-0.65453610,-0.03253290,0.00000000,0.09051154,-0.01050471,86.88629000
42.12163000,-0.60223560,-0.02917251,0.00000000,0.09235492,-0.01053517,86.63026000
42.18616000,-0.58439910,-0.02813278,0.00000000,0.09293281,-0.01054533,86.54473000
42.31521000,-0.54827250,-0.02616423,0.00000000,0.09403747,-0.01056589,86.37342000
42.44427000,-0.51173430,-0.02433638,0.00000000,0.09507890,-0.01058653,86.20171000
42.57323000,-0.47499200,-0.02264200,0.00000000,0.09606159,-0.01060754,86.02963000
42.76667000,-0.41981940,-0.02032604,0.00000000,0.09743524,-0.01063922,85.77077000
42.89561000,-0.38321300,-0.01892153,0.00000000,0.09829006,-0.01066044,85.59771000
42.96001000,-0.36502510,-0.01825894,0.00000000,0.09870075,-0.01067117,85.51101000
43.15331000,-0.31099020,-0.01641384,0.00000000,0.09987027,-0.01070361,85.25034000
43.34660000,-0.25800900,-0.01476549,0.00000000,0.10095450,-0.01073619,84.98873000
43.41100000,-0.24063380,-0.01425712,0.00000000,0.10129900,-0.01074722,84.90131000
43.53979000,-0.20634730,-0.01329488,0.00000000,0.10196370,-0.01076937,84.72617000
43.73299000,-0.15615920,-0.01198110,0.00000000,0.10290670,-0.01080289,84.46264000
43.92618000,-0.10757480,-0.01080557,0.00000000,0.10379060,-0.01083661,84.19812000
43.99059000,-0.09175253,-0.01044277,0.00000000,0.10407320,-0.01084792,84.10974000
44.11930000,-0.06070144,-0.00975593,0.00000000,0.10462240,-0.01087080,83.93260000
44.31247000,-0.01556871,-0.00881595,0.00000000,0.10540840,-0.01090539,83.66608000
44.44126000,0.01353124,-0.00824436,0.00000000,0.10590970,-0.01092846,83.48782000
44.57001000,0.04183750,-0.00771303,0.00000000,0.10639420,-0.01095190,83.30911000
44.76319000,0.08281181,-0.00698495,0.00000000,0.10709310,-0.01098714,83.04018000
44.89191000,0.10914170,-0.00654226,0.00000000,0.10754200,-0.01101107,82.86033000
45.08509000,0.14719420,-0.00593499,0.00000000,0.10819280,-0.01104716,82.58963000
45.14946000,0.15948930,-0.00574578,0.00000000,0.10840400,-0.01105917,82.49918000
45.21386000,0.17160470,-0.00556480,0.00000000,0.10861290,-0.01107126,82.40859000
45.40701000,0.20682740,-0.00505580,0.00000000,0.10922490,-0.01110783,82.13613000
45.53580000,0.22941220,-0.00474572,0.00000000,0.10962180,-0.01113251,81.95391000
45.60022000,0.24043930,-0.00459858,0.00000000,0.10981730,-0.01114494,81.86262000
45.72902000,0.26196460,-0.00431896,0.00000000,0.11020270,-0.01116981,81.67966000
45.92221000,0.29298180,-0.00393288,0.00000000,0.11076830,-0.01120748,81.40433000
46.05106000,0.31284180,-0.00369811,0.00000000,0.11113760,-0.01123287,81.22019000
46.24426000,0.34143460,-0.00337519,0.00000000,0.11168190,-0.01127116,80.94302000
46.37305000,0.35973040,-0.00317659,0.00000000,0.11203860,-0.01129692,80.75766000
46.56633000,0.38608010,-0.00290356,0.00000000,0.11256640,-0.01133601,80.47868000
46.75961000,0.41116530,-0.00265745,0.00000000,0.11308640,-0.01137546,80.19861000
46.82404000,0.41926120,-0.00257933,0.00000000,0.11325790,-0.01138873,80.10501000
46.95285000,0.43504160,-0.00243229,0.00000000,0.11359930,-0.01141534,79.91744000
47.08170000,0.45031600,-0.00229517,0.00000000,0.11393830,-0.01144209,79.72936000
47.27503000,0.47232290,-0.00210579,0.00000000,0.11444290,-0.01148282,79.44633000
47.33944000,0.47941840,-0.00204578,0.00000000,0.11461020,-0.01149641,79.35174000
47.46832000,0.49327410,-0.00193285,0.00000000,0.11494350,-0.01152383,79.16221000
47.66167000,0.51323260,-0.00177693,0.00000000,0.11544120,-0.01156527,78.87695000
47.79057000,0.52601560,-0.00168061,0.00000000,0.11577210,-0.01159331,78.68616000
47.91950000,0.53839360,-0.00159061,0.00000000,0.11610190,-0.01162141,78.49488000
47.98392000,0.54443520,-0.00154593,0.00000000,0.11626680,-0.01163549,78.39904000
47.74533000,0.55052920,-0.00141802,0.00000000,0.11659290,-0.01160645,78.20814000
47.38747000,0.55901040,-0.00129813,0.00000000,0.11707710,-0.01156521,77.92360000
46.89628000,0.56901580,-0.00117551,0.00000000,0.11771490,-0.01156363,77.54759000
46.72061000,0.57049960,-0.00118709,0.00000000,0.11787380,-0.01156213,77.45434000
46.49094000,0.57106050,-0.00119009,0.00000000,0.11803240,-0.01155317,77.36155000
46.18090000,0.57830390,-0.00074655,0.00000000,0.11849090,-0.01159135,77.08474000
45.92923000,0.58580190,-0.00064034,0.00000000,0.11894170,-0.01166436,76.80905000
45.80993000,0.58758610,-0.00061808,0.00000000,0.11909110,-0.01167678,76.71764000
45.57135000,0.59092930,-0.00057666,0.00000000,0.11938900,-0.01169976,76.53553000
45.21349000,0.59541740,-0.00052145,0.00000000,0.11983340,-0.01173575,76.26418000
44.65746000,0.59613660,-0.00056866,0.00000000,0.12027790,-0.01174428,75.99561000
44.48618000,0.59647670,-0.00034331,-4.16990800,0.12042160,-0.01174650,75.90688000
44.38335000,0.74639290,-0.01323327,-11.79009000,0.12132690,-0.01183118,75.64008000
44.33569000,0.96624680,-0.03272634,-3.61335400,0.12261020,-0.01188934,75.46087000
44.32037000,1.06580600,-0.03980307,0.00000000,0.12505240,-0.01198019,75.19097000
44.31968000,1.06052600,-0.03844362,0.00000000,0.12588470,-0.01200851,75.10098000
44.31918000,1.05392200,-0.03594814,0.00000000,0.12748330,-0.01205834,74.92110000
44.31897000,1.05149800,-0.03152828,0.00000000,0.13044220,-0.01213789,74.56197000
44.31874000,1.05763800,-0.02859621,0.00000000,0.13247490,-0.01218839,74.29307000
44.31863000,1.06097900,-0.02768249,0.00000000,0.13312000,-0.01220425,74.20351000
44.44346000,1.07282400,-0.02594303,0.00000000,0.13436590,-0.01225229,74.02427000
44.66146000,1.09006600,-0.02434037,0.00000000,0.13555740,-0.01232225,73.84424000
44.79929000,1.10684300,-0.02281572,0.00000000,0.13669750,-0.01236944,73.66373000
44.92838000,1.12472000,-0.02138560,0.00000000,0.13778910,-0.01240483,73.48286000
45.05710000,1.14386600,-0.02004844,0.00000000,0.13883540,-0.01243689,73.30164000
45.18565000,1.16411900,-0.01879739,0.00000000,0.13984030,-0.01246807,73.12001000
45.31411000,1.18531300,-0.01762446,0.00000000,0.14080620,-0.01249892,72.93800000
45.44254000,1.20731500,-0.01652551,0.00000000,0.14173600,-0.01253011,72.75556000
45.57090000,1.22996600,-0.01549718,0.00000000,0.14263220,-0.01256132,72.57276000
45.69927000,1.25315000,-0.01453407,0.00000000,0.14349710,-0.01259275,72.38954000
45.89174000,1.28865700,-0.01320416,0.00000000,0.14474110,-0.01264034,72.11395000
46.02001000,1.31266900,-0.01238846,0.00000000,0.14553800,-0.01267253,71.92969000
46.14835000,1.33686400,-0.01162532,0.00000000,0.14631120,-0.01270481,71.74503000
46.59721000,1.42175700,-0.00932341,0.00000000,0.14885530,-0.01282012,71.09531000
46.78960000,1.45782400,-0.00849051,0.00000000,0.14988030,-0.01287036,70.81523000
46.85369000,1.46975300,-0.00823135,0.00000000,0.15021450,-0.01288734,70.72166000
46.91782000,1.48164200,-0.00797980,0.00000000,0.15054530,-0.01290436,70.62797000
46.98195000,1.49346700,-0.00773725,0.00000000,0.15087280,-0.01292143,70.53416000
47.11020000,1.51694100,-0.00727436,0.00000000,0.15151840,-0.01295574,70.34623000
47.17432000,1.52857800,-0.00705364,0.00000000,0.15183690,-0.01297299,70.25208000
47.23844000,1.54014200,-0.00684155,0.00000000,0.15215240,-0.01299031,70.15784000
47.30255000,1.55163200,-0.00663579,0.00000000,0.15246550,-0.01300775,70.06348000
47.43083000,1.57439400,-0.00624395,0.00000000,0.15308430,-0.01304281,69.87440000
47.49495000,1.58565200,-0.00605772,0.00000000,0.15339000,-0.01306043,69.77969000
47.68742000,1.61893800,-0.00553329,0.00000000,0.15429480,-0.01311373,69.49491000
47.81572000,1.64069000,-0.00521196,0.00000000,0.15488850,-0.01314953,69.30448000
47.94402000,1.66208700,-0.00491054,0.00000000,0.15547560,-0.01318573,69.11359000
48.00816000,1.67264500,-0.00476745,0.00000000,0.15576710,-0.01320392,69.01797000
48.20064000,1.70377900,-0.00436348,0.00000000,0.15663270,-0.01325892,68.73042000
48.26481000,1.71397100,-0.00423706,0.00000000,0.15691890,-0.01327744,68.63432000
48.45735000,1.74398600,-0.00388189,0.00000000,0.15777120,-0.01333324,68.34536000
48.52152000,1.75380100,-0.00377151,0.00000000,0.15805340,-0.01335210,68.24879000
48.64988000,1.77314900,-0.00356080,0.00000000,0.15861530,-0.01338994,68.05534000
48.84249000,1.80149100,-0.00326768,0.00000000,0.15945310,-0.01344733,67.76427000
48.97089000,1.81992200,-0.00308663,0.00000000,0.16000890,-0.01348587,67.56962000
49.09929000,1.83798500,-0.00291722,0.00000000,0.16056310,-0.01352476,67.37450000
49.16353000,1.84688700,-0.00283675,0.00000000,0.16083950,-0.01354430,67.27677000
49.35616000,1.87305100,-0.00260878,0.00000000,0.16166810,-0.01360356,66.98283000
49.54887000,1.89843600,-0.00240238,0.00000000,0.16249500,-0.01366350,66.68786000
49.61310000,1.90672700,-0.00233700,0.00000000,0.16277060,-0.01368357,66.58930000
49.74162000,1.92306900,-0.00221206,0.00000000,0.16332170,-0.01372407,66.39181000
49.87009000,1.93907200,-0.00209522,0.00000000,0.16387360,-0.01376498,66.19384000
50.06286000,1.96248800,-0.00193299,0.00000000,0.16470230,-0.01382703,65.89599000
50.12715000,1.97014000,-0.00188227,0.00000000,0.16497920,-0.01384783,65.79647000
50.25570000,1.98521300,-0.00178554,0.00000000,0.16553380,-0.01388983,65.59705000
50.44847000,2.00725900,-0.00165015,0.00000000,0.16636820,-0.01395335,65.29704000
50.57707000,2.02160600,-0.00156602,8.30652200,0.16692670,-0.01399606,65.09644000
50.69169000,1.85377000,0.01548438,12.60603000,0.16702750,-0.01404980,64.89661000
50.78841000,1.64909700,0.03564173,7.82621400,0.16643680,-0.01409905,64.69827000
50.84261000,1.57590000,0.04285272,3.95360000,0.16592360,-0.01412088,64.59953000
51.02739000,1.49429800,0.05062738,0.00000000,0.16410820,-0.01418133,64.30328000
51.15432000,1.51939700,0.04770257,0.00000000,0.16289140,-0.01421919,64.10513000
51.28241000,1.53818600,0.04493363,0.00000000,0.16177920,-0.01426017,63.90619000
51.41098000,1.55166800,0.04237660,0.00000000,0.16076430,-0.01430311,63.70645000
51.66885000,1.56465400,0.03777444,0.00000000,0.15899890,-0.01439268,63.30473000
51.79796000,1.56504800,0.03569086,0.00000000,0.15823770,-0.01443867,63.10278000
51.92721000,1.56192900,0.03373069,0.00000000,0.15755120,-0.01448546,62.90011000
51.99177000,1.55917600,0.03279601,0.00000000,0.15723470,-0.01450903,62.79852000
52.18584000,1.54662800,0.03014140,0.00000000,0.15638560,-0.01458034,62.49272000
52.37992000,1.52853500,0.02770323,0.00000000,0.15567880,-0.01465262,62.18541000
52.44461000,1.52143900,0.02693314,0.00000000,0.15547290,-0.01467705,62.08262000
52.57405000,1.50585100,0.02545482,0.00000000,0.15510340,-0.01472612,61.87660000
52.70350000,1.48859300,0.02405408,0.00000000,0.15478790,-0.01477562,61.66994000
52.89772000,1.46000800,0.02209122,0.00000000,0.15441030,-0.01485062,61.35874000
52.96241000,1.44986100,0.02147220,0.00000000,0.15430860,-0.01487592,61.25470000
53.09190000,1.42875200,0.02028705,0.00000000,0.15413970,-0.01492672,61.04613000
53.28613000,1.39537900,0.01862857,0.00000000,0.15396820,-0.01500392,60.73217000
53.48031000,1.36039300,0.01710776,0.00000000,0.15388820,-0.01508198,60.41685000
53.54501000,1.34845200,0.01662703,0.00000000,0.15388080,-0.01510832,60.31144000
53.67442000,1.32424200,0.01571171,0.00000000,0.15389330,-0.01516129,60.10017000
53.80389000,1.29966200,0.01484717,0.00000000,0.15394070,-0.01521468,59.88833000
53.99798000,1.26236300,0.01364164,0.00000000,0.15407310,-0.01529596,59.56948000
54.12735000,1.23733000,0.01289439,0.00000000,0.15420060,-0.01535066,59.35618000
54.25676000,1.21224100,0.01219022,0.00000000,0.15435720,-0.01540570,59.14231000
54.32143000,1.19970500,0.01185227,0.00000000,0.15444600,-0.01543359,59.03518000
54.45079000,1.17468300,0.01120836,0.00000000,0.15464400,-0.01548970,58.82047000
54.64480000,1.13738900,0.01030918,0.00000000,0.15498950,-0.01557472,58.49737000
54.70953000,1.12503200,0.01002660,0.00000000,0.15511670,-0.01560333,58.38940000
54.83881000,1.10051400,0.00948593,0.00000000,0.15538940,-0.01566104,58.17302000
54.90349000,1.08833800,0.00922681,0.00000000,0.15553420,-0.01569008,58.06462000
55.09744000,1.05225300,0.00849491,0.00000000,0.15600190,-0.01577810,57.73863000
55.16207000,1.04038500,0.00826399,0.00000000,0.15616830,-0.01580771,57.62970000
55.35596000,1.00528800,0.00761272,0.00000000,0.15669780,-0.01589756,57.30208000
55.48523000,0.98234300,0.00720825,0.00000000,0.15707510,-0.01595811,57.08300000
55.61450000,0.95978800,0.00682756,0.00000000,0.15747080,-0.01601932,56.86337000
55.74372000,0.93764390,0.00646689,0.00000000,0.15788440,-0.01608120,56.64322000
56.00220000,0.89461960,0.00580640,0.00000000,0.15876250,-0.01620666,56.20133000
56.06678000,0.88413630,0.00565291,0.00000000,0.15899230,-0.01623856,56.09053000
56.13140000,0.87376270,0.00550304,0.00000000,0.15922610,-0.01627050,55.97960000
56.26062000,0.85334910,0.00521641,0.00000000,0.15970540,-0.01633494,55.75735000
56.38983000,0.83338790,0.00494549,0.00000000,0.16019970,-0.01640009,55.53457000
56.45440000,0.82358320,0.00481719,0.00000000,0.16045270,-0.01643283,55.42299000
56.71277000,0.78547720,0.00433254,0.00000000,0.16149940,-0.01656576,54.97536000
56.84196000,0.76710800,0.00411076,0.00000000,0.16204370,-0.01663320,54.75077000
57.03572000,0.74039790,0.00379957,0.00000000,0.16288570,-0.01673575,54.41294000
57.10028000,0.73172280,0.00370078,0.00000000,0.16317250,-0.01677036,54.30008000
57.22942000,0.71470870,0.00351320,0.00000000,0.16375670,-0.01684009,54.07394000
57.42320000,0.69000160,0.00324920,0.00000000,0.16465670,-0.01694606,53.73381000
57.55233000,0.67408020,0.00308642,0.00000000,0.16527210,-0.01701751,53.50642000
57.68145000,0.65859000,0.00293076,0.00000000,0.16589980,-0.01708983,53.27855000
57.74604000,0.65100040,0.00285531,0.00000000,0.16621830,-0.01712627,53.16441000
57.87516000,0.63614240,0.00271253,0.00000000,0.16686400,-0.01719976,52.93576000
58.06883000,0.61462420,0.00251125,0.00000000,0.16785490,-0.01731159,52.59186000
58.13345000,0.60765150,0.00244888,0.00000000,0.16819080,-0.01734920,52.47697000
58.26257000,0.59400540,0.00232667,0.00000000,0.16887190,-0.01742519,52.24682000
58.45623000,0.57427230,0.00215552,0.00000000,0.16991510,-0.01754075,51.90068000
58.58534000,0.56158910,0.00204819,0.00000000,0.17062470,-0.01761880,51.66929000
58.64991000,0.55538680,0.00199720,0.00000000,0.17098380,-0.01765813,51.55342000
58.77903000,0.54325690,0.00189780,0.00000000,0.17171080,-0.01773760,51.32129000
58.97270000,0.52573160,0.00175941,0.00000000,0.17282220,-0.01785833,50.97219000
59.16631000,0.50899080,0.00163060,0.00000000,0.17395940,-0.01798110,50.62197000
59.23093000,0.50357400,0.00159015,0.00000000,0.17434400,-0.01802248,50.50500000
59.29543000,0.49824690,0.00155100,0.00000000,0.17473170,-0.01806421,50.38789000
59.48911000,0.48273990,0.00143746,0.00000000,0.17591120,-0.01819056,50.03585000
59.68274000,0.46794350,0.00133367,0.00000000,0.17711670,-0.01831914,49.68272000
59.74730000,0.46316240,0.00130079,0.00000000,0.17752420,-0.01836249,49.56477000
59.87639000,0.45382420,0.00123587,0.00000000,0.17834780,-0.01845009,49.32850000
60.07001000,0.44036320,0.00114623,0.00000000,0.17960510,-0.01858310,48.97319000
60.19915000,0.43173330,0.00108942,0.00000000,0.18045780,-0.01867319,48.73573000
60.32822000,0.42338370,0.00103598,0.00000000,0.18132240,-0.01876426,48.49778000
60.39274000,0.41930800,0.00101110,0.00000000,0.18175910,-0.01881022,48.37862000
60.58640000,0.40746240,0.00093693,0.00000000,0.18308720,-0.01894980,48.02044000
60.71545000,0.39988410,0.00089003,0.00000000,0.18398770,-0.01904435,47.78107000
60.84456000,0.39254640,0.00084591,0.00000000,0.18490050,-0.01913996,47.54120000
60.97365000,0.38544460,0.00080480,0.00000000,0.18582560,-0.01923672,47.30088000
61.10277000,0.37857470,0.00076391,0.00000000,0.18676320,-0.01933466,47.06008000
61.23183000,0.37193070,0.00072646,0.00000000,0.18771360,-0.01943372,46.81881000
61.29635000,0.36868860,0.00070659,0.00000000,0.18819340,-0.01948377,46.69799000
61.42543000,0.36236720,0.00067249,0.00000000,0.18916280,-0.01958476,46.45602000
61.68358000,0.35033760,0.00060539,0.00000000,0.19114070,-0.01979059,45.97067000
61.81269000,0.34462010,0.00057512,0.00000000,0.19214970,-0.01989544,45.72730000
61.94176000,0.33909430,0.00054629,0.00000000,0.19317230,-0.02000149,45.48346000
62.00631000,0.33639860,0.00053127,0.00000000,0.19368870,-0.02005513,45.36137000
62.13540000,0.33114900,0.00050350,0.00000000,0.19473190,-0.02016335,45.11685000
62.32898000,0.32360670,0.00046640,0.00000000,0.19632340,-0.02032817,44.74919000
62.45807000,0.31878730,0.00044079,0.00000000,0.19740220,-0.02043989,44.50351000
62.58711000,0.31413570,0.00041776,0.00000000,0.19849580,-0.02055315,44.25737000
62.65166000,0.31186870,0.00040624,0.00000000,0.19904810,-0.02061026,44.13413000
62.78071000,0.30745330,0.00038478,0.00000000,0.20016390,-0.02072554,43.88731000
62.90982000,0.30318950,0.00036338,0.00000000,0.20129510,-0.02084256,43.64005000
63.03888000,0.29907440,0.00034449,0.00000000,0.20244170,-0.02096107,43.39232000
63.16796000,0.29510070,0.00032499,0.00000000,0.20360400,-0.02108103,43.14415000
63.23251000,0.29316640,0.00031628,0.00000000,0.20419100,-0.02114159,43.01990000
63.42611000,0.28757160,0.00028884,0.00000000,0.20597730,-0.02132594,42.64645000
63.55515000,0.28400810,0.00027220,0.00000000,0.20718840,-0.02145101,42.39695000
63.68421000,0.28056940,0.00025716,0.00000000,0.20841660,-0.02157772,42.14700000
63.81330000,0.27725270,0.00024132,0.00000000,0.20966190,-0.02170609,41.89660000
64.00689000,0.27250150,0.00022025,0.00000000,0.21156290,-0.02190210,41.52017000
64.13598000,0.26947810,0.00020738,0.00000000,0.21285260,-0.02203494,41.26868000
64.20052000,0.26800620,0.00019897,0.00000000,0.21350430,-0.02210219,41.14277000
64.32961000,0.26514830,0.00018680,0.00000000,0.21482180,-0.02223791,40.89062000
64.58772000,0.25974660,0.00016251,0.00000000,0.21751380,-0.02251518,40.38503000
64.71674000,0.25719680,0.00015194,0.00000000,0.21888890,-0.02265684,40.13159000
64.84583000,0.25474150,0.00014031,0.00000000,0.22028410,-0.02280051,39.87773000
64.91038000,0.25355020,0.00013611,0.00000000,0.22098940,-0.02287307,39.75063000
65.10398000,0.25011150,0.00012052,0.00000000,0.22313650,-0.02309407,39.36872000
65.23303000,0.24793000,0.00011090,0.00000000,0.22459420,-0.02324420,39.11359000
65.36211000,0.24583270,0.00010167,0.00000000,0.22607370,-0.02339648,38.85804000
65.42664000,0.24481720,0.00009747,0.00000000,0.22682160,-0.02347343,38.73011000
65.55566000,0.24284620,0.00008945,0.00000000,0.22833460,-0.02362912,38.47394000
65.74927000,0.24003390,0.00007724,0.00000000,0.23064680,-0.02386711,38.08892000
65.94286000,0.23739320,0.00006583,0.00000000,0.23301250,-0.02411053,37.70298000
65.88815000,0.23521960,0.00005779,0.00000000,0.23461780,-0.02425130,37.44554000
65.76893000,0.23390620,0.00005704,0.00000000,0.23542610,-0.02430271,37.31722000
65.64972000,0.23260710,0.00005936,0.00000000,0.23623830,-0.02435512,37.18916000
65.17278000,0.22755750,0.00006741,0.00000000,0.23952620,-0.02460904,36.67950000
64.93424000,0.22511400,0.00007148,0.00000000,0.24119410,-0.02475963,36.42621000
64.81512000,0.22391340,0.00007261,0.00000000,0.24203400,-0.02483893,36.29995000
64.45741000,0.22038570,0.00007689,0.00000000,0.24457850,-0.02508769,35.92274000
64.21889000,0.21809440,0.00007832,0.00000000,0.24629540,-0.02525986,35.67256000
63.86129000,0.21474850,0.00008239,0.00000000,0.24890250,-0.02552484,35.29924000
63.62277000,0.21257540,0.00008300,0.00000000,0.25066170,-0.02570487,35.05166000
63.26509000,0.20939370,0.00008648,0.00000000,0.25333320,-0.02597936,34.68226000
63.14595000,0.20835610,0.00008709,0.00000000,0.25423260,-0.02607185,34.55964000
62.90739000,0.20630980,0.00008741,0.00000000,0.25604440,-0.02625836,34.31521000
62.54969000,0.20331210,0.00009046,0.00000000,0.25879570,-0.02654187,33.95051000
62.19203000,0.20040080,0.00009216,0.00000000,0.26158820,-0.02682968,33.58818000
62.07281000,0.19944940,0.00009107,0.00000000,0.26252810,-0.02692655,33.46794000
61.83430000,0.19756910,0.00009373,0.00000000,0.26442230,-0.02712191,33.22822000
61.59596000,0.19572660,0.00009348,0.00000000,0.26633540,-0.02731922,32.98956000
61.23822000,0.19302350,0.00009628,0.00000000,0.26924100,-0.02761898,32.63355000
61.11902000,0.19214040,0.00009446,0.00000000,0.27021940,-0.02771985,32.51540000
60.88050000,0.19039260,0.00009690,0.00000000,0.27219050,-0.02792332,32.27991000
60.64210000,0.18867580,0.00009711,0.00000000,0.27418150,-0.02812862,32.04548000
60.40361000,0.18698820,0.00009804,0.00000000,0.27619250,-0.02833613,31.81211000
60.28436000,0.18615570,0.00009819,0.00000000,0.27720550,-0.02844066,31.69583000
59.92668000,0.18370020,0.00009711,0.00000000,0.28027550,-0.02875743,31.34856000
59.56898000,0.18130110,0.00009999,0.00000000,0.28339200,-0.02907895,31.00369000
59.09203000,0.17819310,0.00010075,0.00000000,0.28762150,-0.02951546,30.54760000
58.85362000,0.17667850,0.00010107,0.00000000,0.28976860,-0.02973717,30.32116000
58.73444000,0.17593010,0.00009967,0.00000000,0.29085030,-0.02984875,30.20835000
58.37667000,0.17370960,0.00010213,0.00000000,0.29412850,-0.03018697,29.87150000
58.13822000,0.17226340,0.00010154,0.00000000,0.29634200,-0.03041542,29.64828000
58.01899000,0.17154750,0.00010012,0.00000000,0.29745720,-0.03053054,29.53707000
57.78054000,0.17012840,0.00010133,0.00000000,0.29970460,-0.03076250,29.31547000
57.42287000,0.16803970,0.00010187,0.00000000,0.30311900,-0.03111494,28.98509000
57.30363000,0.16735410,0.00010105,0.00000000,0.30426890,-0.03123360,28.87550000
57.18440000,0.16667190,0.00010090,0.00000000,0.30542450,-0.03135286,28.76618000
56.94321000,0.16531620,0.00008866,0.00000000,0.30775360,-0.03159304,28.54837000
56.61522000,0.16375470,-0.00004364,0.00000000,0.31010740,-0.03182301,28.33187000
56.26688000,0.16215930,-0.00010624,0.00000000,0.31248360,-0.03204715,28.11698000
56.14758000,0.16151810,-0.00010224,0.00000000,0.31368040,-0.03217245,28.00994000
55.78989000,0.15964860,-0.00008536,0.00000000,0.31730670,-0.03255913,27.69047000
55.43220000,0.15784610,-0.00007163,0.00000000,0.32098820,-0.03294727,27.37344000
55.07453000,0.15610900,-0.00005936,0.00000000,0.32472540,-0.03333703,27.05888000
54.83605000,0.15497900,-0.00005195,0.00000000,0.32724830,-0.03359854,26.85055000
54.71680000,0.15442370,-0.00004832,0.00000000,0.32851940,-0.03372999,26.74679000
54.35914000,0.15279340,-0.00003637,0.00000000,0.33237080,-0.03412781,26.43719000
54.12069000,0.15173190,-0.00003061,0.00000000,0.33497100,-0.03439629,26.23216000
53.88214000,0.15069250,-0.00002375,0.00000000,0.33759750,-0.03466726,26.02824000
53.76294000,0.15017920,-0.00002148,0.00000000,0.33892070,-0.03480365,25.92669000
53.40528000,0.14866240,-0.00001178,0.00000000,0.34293040,-0.03521724,25.62373000
53.16685000,0.14767370,-0.00000569,0.00000000,0.34563760,-0.03549642,25.42314000
52.92837000,0.14669780,-0.00000227,0.00000000,0.34837210,-0.03577825,25.22367000
52.80916000,0.14621410,0.00000214,0.00000000,0.34974970,-0.03592036,25.12435000
52.45139000,0.14479090,0.00000850,0.00000000,0.35392480,-0.03635108,24.82806000
52.09382000,0.14339280,0.00001457,0.00000000,0.35816340,-0.03678810,24.53431000
51.97448000,0.14293170,0.00001664,0.00000000,0.35959050,-0.03693526,24.43696000
51.73605000,0.14201940,0.00002112,0.00000000,0.36246630,-0.03723201,24.24309000
51.49756000,0.14111640,0.00002548,0.00000000,0.36537100,-0.03753167,24.05035000
51.13986000,0.13977940,0.00002979,0.00000000,0.36978350,-0.03798685,23.76336000
50.90147000,0.13889740,0.00003282,0.00000000,0.37276220,-0.03829418,23.57344000
50.78222000,0.13845950,0.00003355,0.00000000,0.37426280,-0.03844894,23.47892000
50.42449000,0.13715830,0.00003864,0.00000000,0.37880980,-0.03891817,23.19704000
50.18607000,0.13629700,0.00004101,0.00000000,0.38187930,-0.03923488,23.01055000
49.94761000,0.13544370,0.00004428,0.00000000,0.38497970,-0.03955482,22.82520000
49.70915000,0.13459820,0.00004665,0.00000000,0.38811100,-0.03987798,22.64100000
49.47068000,0.13375540,0.00004869,0.00000000,0.39127360,-0.04020429,22.45795000
49.11295000,0.13250390,0.00005175,0.00000000,0.39607680,-0.04069994,22.18553000
48.99372000,0.13208930,0.00005190,0.00000000,0.39769360,-0.04086679,22.09530000
48.87449000,0.13167410,0.00005429,0.00000000,0.39931870,-0.04103456,22.00536000
48.63607000,0.13085190,0.00005531,0.00000000,0.40259240,-0.04137243,21.82636000
48.39760000,0.13003180,0.00005689,0.00000000,0.40589850,-0.04171365,21.64851000
48.15915000,0.12921360,0.00005893,0.00000000,0.40923710,-0.04205821,21.47183000
47.92074000,0.12840010,0.00005964,0.00000000,0.41260860,-0.04240615,21.29631000
47.56298000,0.12719200,0.00006043,0.00000000,0.41772770,-0.04293454,21.03524000
47.20529000,0.12598510,0.00006491,0.00000000,0.42292160,-0.04347085,20.77680000
46.96681000,0.12518500,0.00006431,0.00000000,0.42642610,-0.04383255,20.60599000
46.84757000,0.12478540,0.00006498,0.00000000,0.42819090,-0.04401458,20.52102000
46.60923000,0.12399150,0.00006590,0.00000000,0.43174590,-0.04438154,20.35198000
46.25144000,0.12279970,0.00006701,0.00000000,0.43714200,-0.04493856,20.10064000
46.01301000,0.12201060,0.00006788,0.00000000,0.44078210,-0.04531435,19.93457000
45.89377000,0.12161560,0.00006954,0.00000000,0.44261500,-0.04550361,19.85198000
45.65528000,0.12082700,0.00006875,0.00000000,0.44630680,-0.04588451,19.68770000
45.41679000,0.12004330,0.00006944,0.00000000,0.45003290,-0.04626916,19.52463000
44.70145000,0.11770750,0.00007036,0.00000000,0.46141960,-0.04744465,19.04261000
44.58226000,0.11731720,0.00007040,0.00000000,0.46334790,-0.04764374,18.96334000
44.34380000,0.11654160,0.00007138,0.00000000,0.46723010,-0.04804454,18.80569000
44.22451000,0.11615340,0.00007216,0.00000000,0.46918440,-0.04824633,18.72733000
44.10527000,0.11576720,0.00007312,0.00000000,0.47114740,-0.04844905,18.64927000
43.98602000,0.11538310,0.00007259,0.00000000,0.47311920,-0.04865260,18.57151000
43.74763000,0.11461050,0.00007283,0.00000000,0.47708870,-0.04906237,18.41692000
43.50916000,0.11384370,0.00007318,0.00000000,0.48109350,-0.04947583,18.26355000
43.38984000,0.11346000,0.00007251,0.00000000,0.48310890,-0.04968388,18.18732000
43.15142000,0.11269270,0.00007340,0.00000000,0.48716590,-0.05010282,18.03580000
42.79379000,0.11154460,0.00007337,0.00000000,0.49331680,-0.05073774,17.81082000
42.55529000,0.11078160,0.00007355,0.00000000,0.49746090,-0.05116566,17.66238000
42.31681000,0.11002050,0.00007366,0.00000000,0.50163970,-0.05159721,17.51519000
42.07843000,0.10925940,0.00007351,0.00000000,0.50585310,-0.05203213,17.36924000
41.83982000,0.10849680,0.00007345,0.00000000,0.51010090,-0.05247059,17.22454000
41.48226000,0.10736540,0.00007416,0.00000000,0.51653700,-0.05313533,17.00983000
41.36304000,0.10698950,0.00007286,0.00000000,0.51869930,-0.05335853,16.93890000
41.12448000,0.10623230,0.00007260,0.00000000,0.52304950,-0.05380756,16.79797000
40.88604000,0.10547940,0.00007394,0.00000000,0.52743320,-0.05426027,16.65829000
40.64756000,0.10473030,0.00007326,0.00000000,0.53185030,-0.05471645,16.51989000
40.52836000,0.10435580,0.00007242,0.00000000,0.53407140,-0.05494574,16.45116000
40.28881000,0.10360240,0.00006541,0.00000000,0.53853810,-0.05540671,16.31466000
39.70717000,0.10191810,0.00008609,0.00000000,0.54528050,-0.05607257,16.11295000
39.59689000,0.10142230,0.00042689,0.00000000,0.55208390,-0.05681383,15.91390000
39.59218000,0.10122270,0.00041640,5.38670800,0.55669120,-0.05732999,15.78185000
39.58708000,0.03878545,0.00619951,10.00578000,0.55891710,-0.05760228,15.71616000
39.53967000,-0.26514870,0.03377330,18.09840000,0.56474180,-0.05842114,15.52122000
39.48758000,-0.47296150,0.05190263,25.88216000,0.56793830,-0.05894315,15.39303000
39.39293000,-0.73793380,0.07360247,32.98271000,0.57188180,-0.05969474,15.20320000
39.36433000,-0.82508060,0.08043217,37.98751000,0.57299420,-0.05994438,15.14054000
39.23498000,-1.06699300,0.09791243,45.78695000,0.57581030,-0.06068594,14.95429000
39.08317000,-1.30774100,0.11355050,50.00000000,0.57791990,-0.06143244,14.77059000
39.03240000,-1.39324200,0.11886440,50.00000000,0.57848820,-0.06168497,14.70989000
38.90370000,-1.53458300,0.12604530,50.00000000,0.57948280,-0.06218375,14.58926000
38.77190000,-1.67822900,0.13263780,50.00000000,0.58030330,-0.06268933,14.46961000
38.57229000,-1.90258400,0.14170210,50.00000000,0.58123900,-0.06346354,14.29187000
38.50532000,-1.97969600,0.14449740,50.00000000,0.58147910,-0.06372535,14.23307000
38.37055000,-2.13753100,0.14975580,50.00000000,0.58186230,-0.06425407,14.11609000
38.16639000,-2.38278900,0.15680970,50.00000000,0.58222010,-0.06505904,13.94211000
37.95926000,-2.63817500,0.16290440,50.00000000,0.58235810,-0.06587758,13.76981000
37.88951000,-2.72545000,0.16472750,50.00000000,0.58236280,-0.06615353,13.71273000
37.67812000,-2.99321100,0.16960000,50.00000000,0.58227430,-0.06699020,13.54247000
37.60692000,-3.08434300,0.17102730,50.00000000,0.58221600,-0.06727220,13.48604000
37.46323000,-3.26939200,0.17361310,50.00000000,0.58206390,-0.06784104,13.37361000
37.39080000,-3.36317200,0.17477010,50.00000000,0.58197320,-0.06812783,13.31761000
37.24467000,-3.55314000,0.17683030,50.00000000,0.58176900,-0.06870628,13.20604000
37.02209000,-3.84372800,0.17931920,50.00000000,0.58142460,-0.06958716,13.03969000
36.87154000,-4.04067800,0.18060470,50.00000000,0.58118330,-0.07018338,12.92941000
36.71917000,-4.23992400,0.18161290,50.00000000,0.58094310,-0.07078656,12.81962000
36.64232000,-4.34033500,0.18201880,50.00000000,0.58082590,-0.07109100,12.76490000
36.40898000,-4.64420200,0.18288410,50.00000000,0.58049770,-0.07201608,12.60140000
36.25104000,-4.84879800,0.18318870,50.00000000,0.58030700,-0.07264286,12.49294000
36.17131000,-4.95162600,0.18326810,50.00000000,0.58022220,-0.07295928,12.43887000
35.92957000,-5.26149600,0.18322910,50.00000000,0.58002080,-0.07392151,12.27727000
35.76612000,-5.46905900,0.18300140,50.00000000,0.57993670,-0.07457382,12.17004000
35.51756000,-5.78129700,0.18239680,50.00000000,0.57989790,-0.07556909,12.00992000
35.34955000,-5.98985800,0.18184290,50.00000000,0.57993640,-0.07624421,11.90365000
35.26488000,-6.09413500,0.18153010,50.00000000,0.57997610,-0.07658532,11.85066000
35.00838000,-6.40665100,0.18044960,50.00000000,0.58018340,-0.07762318,11.69224000
34.83529000,-6.61453800,0.17963620,50.00000000,0.58039790,-0.07832742,11.58710000
34.74804000,-6.71834800,0.17920990,50.00000000,0.58052870,-0.07868350,11.53467000
34.57243000,-6.92542800,0.17831210,50.00000000,0.58083940,-0.07940321,11.43008000
34.39521000,-7.13173500,0.17737490,50.00000000,0.58121670,-0.08013346,11.32587000
34.21646000,-7.33710300,0.17640750,50.00000000,0.58166240,-0.08087443,11.22203000
33.94554000,-7.64306400,0.17492850,50.00000000,0.58246040,-0.08200629,11.06698000
33.85449000,-7.74448800,0.17442950,50.00000000,0.58276140,-0.08238927,11.01549000
33.76313000,-7.84554300,0.17393020,50.00000000,0.58308000,-0.08277505,10.96410000
33.48681000,-8.14676100,0.17245010,50.00000000,0.58414200,-0.08394998,10.81048000
33.30093000,-8.34573400,0.17148020,50.00000000,0.58493870,-0.08474786,10.70857000
33.11376000,-8.54314100,0.17053050,50.00000000,0.58580610,-0.08555788,10.60705000
32.92528000,-8.73895600,0.16961190,50.00000000,0.58674400,-0.08638038,10.50593000
32.73569000,-8.93292300,0.16873040,50.00000000,0.58775190,-0.08721498,10.40523000
32.54481000,-9.12529200,0.16788190,50.00000000,0.58882940,-0.08806266,10.30494000
32.25643000,-9.41031000,0.16669570,50.00000000,0.59057430,-0.08935821,10.15529000
32.15976000,-9.50438300,0.16632460,50.00000000,0.59118960,-0.08979680,10.10562000
31.96569000,-9.69103000,0.16561820,50.00000000,0.59247120,-0.09068393,10.00662000
31.77046000,-9.87587200,0.16496430,50.00000000,0.59381860,-0.09158475,9.90805100
31.37715000,-10.23957000,0.16382070,50.00000000,0.59670790,-0.09342802,9.71227100
31.27813000,-10.32930000,0.16357110,50.00000000,0.59747010,-0.09389780,9.66361300
31.17908000,-10.41840000,0.16333340,50.00000000,0.59824780,-0.09437113,9.61506700
30.88014000,-10.68302000,0.16271210,50.00000000,0.60067330,-0.09581314,9.47014900
30.78001000,-10.77024000,0.16253600,50.00000000,0.60151200,-0.09630137,9.42208400
30.57921000,-10.94312000,0.16222220,50.00000000,0.60323480,-0.09728879,9.32630800
30.47840000,-11.02887000,0.16208820,50.00000000,0.60411810,-0.09778839,9.27860600
30.17488000,-11.28298000,0.16176830,50.00000000,0.60685550,-0.09931010,9.13623900
29.97153000,-11.44987000,0.16162910,50.00000000,0.60875170,-0.10034430,9.04195300
29.76732000,-11.61481000,0.16154250,50.00000000,0.61070410,-0.10139430,8.94817800
29.56231000,-11.77778000,0.16151190,50.00000000,0.61271120,-0.10246100,8.85492000
29.25327000,-12.01861000,0.16156520,50.00000000,0.61582360,-0.10409200,8.71601100
28.94258000,-12.25502000,0.16172890,50.00000000,0.61905570,-0.10576100,8.57830100
28.83853000,-12.33295000,0.16180710,50.00000000,0.62015910,-0.10632600,8.53266600
28.73436000,-12.41036000,0.16189760,50.00000000,0.62127570,-0.10689540,8.48716800
28.42067000,-12.63974000,0.16223660,50.00000000,0.62470200,-0.10862990,8.35149500
28.10539000,-12.86481000,0.16267390,50.00000000,0.62824280,-0.11040550,8.21707400
27.99990000,-12.93894000,0.16283900,50.00000000,0.62944830,-0.11100640,8.17255100
27.78828000,-13.08587000,0.16320030,50.00000000,0.63189660,-0.11222230,8.08392400
27.57594000,-13.23098000,0.16359460,50.00000000,0.63439490,-0.11345690,7.99587300
27.25613000,-13.44518000,0.16425360,50.00000000,0.63823530,-0.11534480,7.86488200
27.04188000,-13.58582000,0.16473420,50.00000000,0.64085750,-0.11662800,7.77828600
26.93449000,-13.65549000,0.16498340,50.00000000,0.64218670,-0.11727700,7.73520900
26.71915000,-13.79347000,0.16550870,50.00000000,0.64488230,-0.11858990,7.64950700
26.50312000,-13.92968000,0.16605870,50.00000000,0.64762760,-0.11992330,7.56439900
26.28626000,-14.06421000,0.16663420,50.00000000,0.65042190,-0.12127700,7.47990400
26.06875000,-14.19698000,0.16723040,50.00000000,0.65326560,-0.12265160,7.39601700
25.95963000,-14.26276000,0.16753920,50.00000000,0.65470620,-0.12334690,7.35430200
25.63142000,-14.45739000,0.16849080,50.00000000,0.65910230,-0.12546460,7.23009200
25.41158000,-14.58507000,0.16915140,50.00000000,0.66209510,-0.12690350,7.14807200
25.19099000,-14.71110000,0.16982430,50.00000000,0.66513850,-0.12836420,7.06668100
24.90562000,-14.74689000,0.16614550,50.00000000,0.66829130,-0.12982050,6.98606900
24.55519000,-14.68889000,0.15888120,50.00000000,0.67170350,-0.13126070,6.90667800
24.02996000,-14.59413000,0.14834740,50.00000000,0.67726870,-0.13346520,6.78990700
23.85558000,-14.56099000,0.14489120,50.00000000,0.67923930,-0.13421110,6.75160400
23.33426000,-14.45659000,0.13471340,50.00000000,0.68548200,-0.13647450,6.63858300
22.98873000,-14.38268000,0.12813570,50.00000000,0.68990810,-0.13799990,6.56481900
22.47356000,-14.26474000,0.11866120,50.00000000,0.69691600,-0.14030670,6.45657400
22.30286000,-14.22351000,0.11561950,50.00000000,0.69934390,-0.14107940,6.42114200
22.13263000,-14.18130000,0.11263820,50.00000000,0.70181540,-0.14185370,6.38603300
21.62475000,-14.04860000,0.10409160,50.00000000,0.70947310,-0.14418460,6.28268000
20.95527000,-13.85767000,0.09366288,50.00000000,0.72018640,-0.14730400,6.14952400
20.78928000,-13.80746000,0.09123143,50.00000000,0.72294270,-0.14808470,6.11707400
20.45882000,-13.70400000,0.08659000,50.00000000,0.72853580,-0.14964680,6.05318600
20.29467000,-13.65089000,0.08437843,50.00000000,0.73136930,-0.15042740,6.02175300
19.80491000,-13.48567000,0.07816861,50.00000000,0.73999450,-0.15276630,5.92950100
19.48081000,-13.36554000,0.07399491,50.00000000,0.74583640,-0.15431920,5.86972600
19.31200000,-13.25493000,0.06864571,50.00000000,0.74883000,-0.15507620,5.84041300
19.01783000,-13.26894000,0.07429025,50.00000000,0.75463970,-0.15666850,5.78266000
18.71305000,-13.36652000,0.08149993,50.00000000,0.76312200,-0.15907910,5.69752200
18.61264000,-13.39745000,0.08385871,50.00000000,0.76588760,-0.15987990,5.66954700
18.31207000,-13.48806000,0.09118279,50.00000000,0.77399310,-0.16227820,5.58683900
18.11195000,-13.54636000,0.09619462,50.00000000,0.77923590,-0.16387700,5.53271200
17.91172000,-13.60336000,0.10127440,50.00000000,0.78434880,-0.16547890,5.47938400
17.71134000,-13.65928000,0.10638410,50.00000000,0.78933210,-0.16708490,5.42685600
17.61106000,-13.68690000,0.10894180,50.00000000,0.79177530,-0.16788970,5.40089000
17.20865000,-13.79569000,0.11912440,50.00000000,0.80123080,-0.17112250,5.29898700
17.00662000,-13.84929000,0.12414900,50.00000000,0.80577190,-0.17274700,5.24919600
16.75121000,-13.80730000,0.12487480,50.00000000,0.81023310,-0.17434740,5.20030800
16.28607000,-13.59617000,0.12051580,50.00000000,0.81695400,-0.17668870,5.12943500
15.51418000,-13.23450000,0.11347160,50.00000000,0.82813980,-0.18057030,5.01772000
14.44575000,-12.70911000,0.10410460,50.00000000,0.84358940,-0.18586350,4.87439300
13.99281000,-12.47620000,0.10041770,50.00000000,0.85006750,-0.18805810,4.81748200
13.54320000,-12.23845000,0.09697954,50.00000000,0.85642350,-0.19020090,4.76320100
12.65420000,-11.74823000,0.09090623,50.00000000,0.86867650,-0.19431850,4.66228300
11.92407000,-11.32500000,0.08669486,50.00000000,0.87832100,-0.19756650,4.58565400
11.20327000,-10.88877000,0.08324146,50.00000000,0.88736430,-0.20063820,4.51546100
10.77525000,-10.62114000,0.08152319,50.00000000,0.89247490,-0.20239450,4.47628900
9.78930600,-9.98062100,0.07845230,50.00000000,0.90341910,-0.20623530,4.39294100
9.37201000,-9.69964900,0.07750963,50.00000000,0.90767430,-0.20777160,4.36046500
8.68288900,-9.22315200,0.07638588,50.00000000,0.91417560,-0.21018760,4.31035200
7.86613900,-8.63868700,0.07570891,50.00000000,0.92100550,-0.21285580,4.25633200
7.19364000,-8.14176000,0.07564138,50.00000000,0.92590350,-0.21489670,4.21592500
6.79371100,-7.83962300,0.07579511,50.00000000,0.92850570,-0.21604520,4.19352300
6.00122900,-7.22643200,0.07649680,50.00000000,0.93298160,-0.21818170,4.15246300
5.47845800,-6.81136000,0.07723921,50.00000000,0.93544690,-0.21949540,4.12761500
4.70231200,-6.17942400,0.07873526,50.00000000,0.93840580,-0.22131370,4.09370500
4.27092900,-5.89211000,0.08259150,50.00000000,0.93989710,-0.22247430,4.07282300
3.96445100,-5.89882100,0.09803500,50.00000000,0.94091940,-0.22369820,4.05162400
3.62731100,-6.02865300,0.12273540,50.00000000,0.94157050,-0.22526020,4.02455400
3.00443800,-5.90136400,0.13845400,50.00000000,0.94130410,-0.22746640,3.98540100
2.62587600,-5.85413800,0.15531330,50.00000000,0.73504130,-0.06841251,13.25649000
2.00278900,-5.46652000,0.15947990,50.00000000,0.72339620,-0.06850369,13.22204000
1.62431700,-5.01717000,0.15022880,50.00000000,0.71579850,-0.06854447,13.20195000
1.30648700,-4.80436600,0.14915850,50.00000000,0.70460880,-0.06872220,13.17413000
1.12452100,-4.73003800,0.14999110,50.00000000,0.69487390,-0.06887556,13.15193000
0.89519570,-4.18356500,0.13167970,50.00000000,0.68566750,-0.06890531,13.13124000
0.75462550,-3.96455900,0.12632970,50.00000000,0.67552990,-0.06904251,13.10839000
0.66311950,-3.87473200,0.12461960,50.00000000,0.66700180,-0.06917615,13.09003000
0.55766200,-3.74941500,0.12081190,50.00000000,0.65518000,-0.06932314,13.06490000
0.46802150,-3.62128400,0.11665130,50.00000000,0.64358530,-0.06945320,13.04035000
0.41013370,-3.52830800,0.11362440,50.00000000,0.63546410,-0.06954351,13.02316000
0.35621930,-3.43439100,0.11057660,50.00000000,0.62748690,-0.06963258,13.00628000
0.30589710,-3.33966400,0.10751580,50.00000000,0.61966160,-0.06972051,12.98971000
0.25900040,-3.24425100,0.10444760,50.00000000,0.61199470,-0.06980726,12.97347000
0.21531230,-3.14827900,0.10137610,50.00000000,0.60449260,-0.06989232,12.95756000
0.16705970,-3.03248200,0.09768575,50.00000000,0.59571560,-0.06999221,12.93893000
0.21216880,-3.11603200,0.09697014,50.00000000,0.59141770,-0.07006101,12.92936000
0.25478320,-3.31799500,0.10020390,50.00000000,0.58268760,-0.07021490,12.90866000
0.25673280,-3.41750700,0.10254610,50.00000000,0.57817160,-0.07028639,12.89764000
0.22923290,-3.71349500,0.11041140,50.00000000,0.56385110,-0.07049184,12.86211000
0.21362500,-3.81175100,0.11315130,50.00000000,0.55879950,-0.07056236,12.84944000
0.18259960,-3.97529300,0.11776250,50.00000000,0.55005670,-0.07068462,12.82739000
0.14582590,-4.13862200,0.12239360,50.00000000,0.54090120,-0.07081349,12.80414000
0.10340110,-4.30168500,0.12703060,50.00000000,0.53132480,-0.07094939,12.77966000
0.05528048,-4.46428400,0.13165810,50.00000000,0.52132050,-0.07109287,12.75392000
0.00128462,-4.62643100,0.13627890,50.00000000,0.51088170,-0.07124421,12.72686000
-0.05875226,-4.78792200,0.14088860,50.00000000,0.50000140,-0.07140369,12.69846000
-0.15330830,-5.01261400,0.14732070,50.00000000,0.48401560,-0.07164135,12.65634000
-0.19768390,-5.10828600,0.15006900,50.00000000,0.47689160,-0.07174862,12.63741000
-0.31049530,-5.32982800,0.15646060,50.00000000,0.45962120,-0.07201214,12.59115000
-0.36682480,-5.43065200,0.15939150,50.00000000,0.45193430,-0.07214119,12.57039000
-0.48654800,-5.63145900,0.16442100,50.00000000,0.43334460,-0.07243073,12.51968000
-0.55513350,-5.78610300,0.17033690,50.00000000,0.42507990,-0.07257220,12.49687000
-0.57214250,-5.89094800,0.16829670,50.00000000,0.41113150,-0.07278361,12.45726000
-0.71655390,-6.13445900,0.17835210,50.00000000,0.39659750,-0.07304696,12.41553000
-0.82150950,-6.29513400,0.17957450,50.00000000,0.38163400,-0.07330164,12.37174000
-0.92348330,-6.42975800,0.18337810,50.00000000,0.36925780,-0.07351746,12.33523000
-1.08219900,-6.61772200,0.18898900,50.00000000,0.35003080,-0.07385739,12.27793000
-1.20711500,-6.74517200,0.19301560,50.00000000,0.33680000,-0.07409818,12.23807000
-1.33679000,-6.87002200,0.19714050,50.00000000,0.32319270,-0.07434963,12.19679000
-1.49845900,-7.01290500,0.20486750,50.00000000,0.30561320,-0.07467481,12.14318000
-1.70606000,-7.17609900,0.21047320,50.00000000,0.28376610,-0.07508688,12.07579000
-1.83007200,-7.26875900,0.21115010,50.00000000,0.27253760,-0.07530665,12.04081000
-2.06483200,-7.42203200,0.21702620,50.00000000,0.24939540,-0.07575969,11.96835000
-2.22848200,-7.51767400,0.22090110,50.00000000,0.23348170,-0.07607710,11.91811000
-2.51151800,-7.65736100,0.22940800,50.00000000,0.20467480,-0.07665956,11.82644000
-2.66334000,-7.73288500,0.23046920,50.00000000,0.19197790,-0.07692632,11.78561000
-2.87390900,-7.81139400,0.23672200,50.00000000,0.17028310,-0.07737930,11.71564000
-3.23172800,-7.94273900,0.24170670,29.44634000,0.13888110,-0.07805912,11.61331000
-3.09685700,-8.36509400,0.21449090,14.77981000,0.11765330,-0.07862088,11.53473000
-2.81922700,-8.73944700,0.17946130,0.00000000,0.10322750,-0.07909326,11.46719000
-2.41511700,-9.16703300,0.12866810,15.35538000,0.08648809,-0.07982780,11.35958000
-2.32732600,-9.59759700,0.10854590,0.00000000,0.07370592,-0.08064429,11.24570000
-1.94200600,-10.03592000,0.06103291,0.00000000,0.06644557,-0.08135976,11.14626000
-1.69377100,-10.33675000,0.03253526,0.00000000,0.06353984,-0.08196323,11.06401000
-1.51714300,-10.88102000,0.00998056,0.00000000,0.06167255,-0.08325484,10.89296000
-1.50494000,-11.14109000,0.00589675,0.00000000,0.06158967,-0.08393993,10.80427000
-1.51739400,-11.52307000,0.00249444,-20.43545000,0.06199035,-0.08519652,10.64413000
-1.26263700,-11.72046000,-0.02358325,-29.97305000,0.06327669,-0.08574807,10.57372000
-0.75676910,-11.88436000,-0.06693008,-8.92609400,0.07106258,-0.08707295,10.40744000
-0.70049050,-12.24480000,-0.06812327,0.00000000,0.07861178,-0.08813658,10.28597000
-1.09919200,-12.62943000,-0.02793921,0.00000000,0.08576223,-0.08969083,10.11100000
-1.21639300,-12.88188000,-0.01715812,0.00000000,0.08823520,-0.09061221,10.00840000
-1.35109900,-13.39360000,-0.00695224,0.00000000,0.09178705,-0.09256169,9.79727400
-1.38490700,-13.58511000,-0.00509261,0.00000000,0.09288567,-0.09333415,9.71604100
-1.44859600,-14.03269000,-0.00255949,0.00000000,0.09525427,-0.09523223,9.52209300
-1.47223200,-14.22497000,-0.00192683,0.00000000,0.09623443,-0.09608894,9.43708300
-1.52322400,-14.67391000,-0.00101759,-20.04456000,0.09852917,-0.09819666,9.23430300
-1.15493300,-14.83927000,-0.03622645,-8.75772400,0.10166130,-0.09943217,9.11607100
-0.87882360,-15.20337000,-0.06007420,0.00000000,0.10988370,-0.10144350,8.93565100
-1.03060100,-15.38393000,-0.04352134,0.00000000,0.11390460,-0.10251640,8.84386400
-1.25397700,-15.88229000,-0.01960612,0.00000000,0.12171280,-0.10550980,8.59404700
-1.32781700,-16.19991000,-0.01244488,0.00000000,0.12548870,-0.10750950,8.43404800
-1.37872900,-16.51945000,-0.00808853,0.00000000,0.12889520,-0.10962540,8.27103700
-1.41745900,-16.84006000,-0.00534890,15.58191000,0.13213980,-0.11186870,8.10498700
-2.05443900,-17.00309000,0.05270425,0.05483031,0.13197300,-0.11472430,7.90323100
-1.93964800,-17.26772000,0.03638319,0.00000000,0.13090900,-0.11672370,7.76694900
-1.87033600,-17.59862000,0.02332675,0.00000000,0.13108180,-0.11938820,7.59360300
-1.84560500,-18.05508000,0.01309952,0.00000000,0.13313690,-0.12342050,7.34554200
-1.86237700,-18.50748000,0.00762320,0.00000000,0.13657690,-0.12784370,7.09136500
-1.88645100,-18.82937000,0.00525389,0.00000000,0.13965700,-0.13127140,6.90612800
-1.92185800,-19.21508000,0.00339961,0.00000000,0.14392900,-0.13571580,6.67986200
-1.94757800,-19.47198000,0.00255644,0.00000000,0.14710270,-0.13890050,6.52662800
-1.98768300,-19.85716000,0.00167661,0.00000000,0.15234580,-0.14404870,6.29324300
-2.01490900,-20.11397000,0.00126897,0.00000000,0.15617200,-0.14775420,6.13532900
-2.05593700,-20.49904000,0.00083844,0.00000000,0.16244060,-0.15377390,5.89502800
-2.08326400,-20.75581000,0.00063573,0.00000000,0.16700060,-0.15812920,5.73257800
-2.11728200,-21.07676000,0.00044923,0.00000000,0.17317340,-0.16400650,5.52704300
-2.15110600,-21.39772000,0.00031421,-15.66658000,0.17992860,-0.17042360,5.31882400
-1.65280200,-21.63295000,-0.04766082,-29.79003000,0.19043430,-0.17737060,5.10872300
-1.26083400,-21.79675000,-0.08071814,-14.35176000,0.20591670,-0.18497990,4.89779800
-0.78103130,-22.01930000,-0.11766760,0.00000000,0.22622210,-0.19330770,4.68650400
-1.05148900,-22.32129000,-0.08077812,0.00000000,0.24679160,-0.20257930,4.47381800
-1.21933500,-22.69849000,-0.05262072,0.00000000,0.26951340,-0.21495880,4.21658000
-1.28470600,-23.01786000,-0.03766515,0.00000000,0.28818390,-0.22654680,4.00080300
-1.31378500,-23.33955000,-0.02739173,0.00000000,0.30751410,-0.23951280,3.78407100
-1.32351200,-23.66220000,-0.02015764,0.00000000,0.09301603,-0.09598786,9.44697600
-1.32353500,-23.98543000,-0.01496190,0.00000000,0.09689125,-0.09846687,9.20887300
-1.31931200,-24.30885000,-0.01118243,0.00000000,0.10055930,-0.10111160,8.96777200
-1.31387700,-24.63224000,-0.00840791,0.00000000,0.10414340,-0.10393840,8.72367600
-1.30890900,-24.95559000,-0.00635288,0.00000000,0.10773740,-0.10696550,8.47659800
-1.30527200,-25.27888000,-0.00482400,0.00000000,0.11141660,-0.11021460,8.22652900
-1.30336200,-25.60209000,-0.00367987,0.00000000,0.11524420,-0.11370950,7.97349500
-1.30331400,-25.92520000,-0.00282378,0.00000000,0.11927680,-0.11747860,7.71751300
-1.30459500,-26.18362000,-0.00229359,0.00000000,0.12268610,-0.12071260,7.51062200
-1.30860700,-26.57115000,-0.00168958,0.00000000,0.12816880,-0.12597260,7.19681900
-1.31254800,-26.82941000,-0.00138346,0.00000000,0.13211080,-0.12978420,6.98532700
-1.32016200,-27.21675000,-0.00103454,0.00000000,0.13853050,-0.13602340,6.66473100
-1.32624000,-27.47493000,-0.00085630,-10.71778000,0.14319780,-0.14057540,6.44879800
-0.73692330,-27.78082000,-0.05510807,0.00000000,0.15499650,-0.14802230,6.12222700
-0.81881900,-28.03153000,-0.04411452,0.00000000,0.16463830,-0.15355040,5.90281600
-0.87744050,-28.35247000,-0.03372975,0.00000000,0.17643690,-0.16110460,5.62650100
-0.90889490,-28.73897000,-0.02479820,0.00000000,0.19080910,-0.17128430,5.29208100
-0.91442020,-29.19090000,-0.01755324,-20.68929000,0.20869940,-0.18504310,4.89838600
-0.42187540,-29.37328000,-0.05803871,-5.66707800,0.22564080,-0.19629230,4.61601400
-0.20112160,-29.66192000,-0.07030538,0.00000000,0.24698180,-0.20910080,4.33346100
-0.25825360,-29.98379000,-0.05418367,0.00000000,0.27009640,-0.22374990,4.05040300
-0.26578320,-30.43568000,-0.03826437,0.00000000,0.30504100,-0.24800250,3.65436900
-0.23553330,-30.82316000,-0.02871934,0.00000000,0.12908030,-0.10507130,8.62945400
-0.19727930,-31.14590000,-0.02272554,0.00000000,0.13592610,-0.10895350,8.32167700
-0.16246500,-31.40409000,-0.01888782,0.00000000,0.14138380,-0.11229930,8.07353400
-0.10770420,-31.79120000,-0.01435559,0.00000000,0.14973480,-0.11777110,7.69814600
-0.07125957,-32.04924000,-0.01197808,0.00000000,0.15552250,-0.12175920,7.44581500
-0.01850183,-32.43623000,-0.00916277,0.00000000,0.16471670,-0.12833060,7.06429800
0.01476410,-32.69419000,-0.00768292,-10.87889000,0.17129470,-0.13315890,6.80799900
0.66661730,-32.96376000,-0.06140311,0.00000000,0.18614470,-0.14111980,6.42122700
0.63752390,-33.21646000,-0.05107230,0.00000000,0.19812400,-0.14708570,6.16201300
0.63801630,-33.53939000,-0.04078452,0.00000000,0.21325150,-0.15530600,5.83643200
0.67130090,-33.92612000,-0.03140647,0.00000000,0.23225320,-0.16650820,5.44375800
0.73605040,-34.37639000,-0.02331413,0.00000000,0.25659840,-0.18187400,4.98361900
0.79091360,-34.69763000,-0.01889755,15.28782000,0.27613570,-0.19473780,4.65424300
0.32243350,-34.90593000,0.03277006,0.00000000,0.29490270,-0.20956790,4.32552300
0.43826500,-35.21181000,0.02609491,0.00000000,0.31526990,-0.22669290,3.99801100
0.51876080,-35.53268000,0.02094897,0.00000000,0.18380770,-0.12542550,7.22785200
0.59121330,-35.98308000,0.01563962,0.00000000,0.19443050,-0.13453760,6.73812900
0.62745940,-36.36965000,0.01229881,0.00000000,0.20574210,-0.14354820,6.31501600
0.64529730,-36.69208000,0.01011676,0.00000000,0.21689330,-0.15208620,5.96035300
0.65527710,-37.01463000,0.00834833,0.00000000,0.22982740,-0.16174960,5.60411700
0.65969220,-37.33732000,0.00690425,0.00000000,0.24482470,-0.17276400,5.24668500
0.66027270,-37.66006000,0.00571973,15.58234000,0.26225960,-0.18541550,4.88854100
0.13551030,-37.86211000,0.05274759,0.60756800,0.27943790,-0.20007750,4.53094800
0.15178110,-38.16938000,0.04604083,0.00000000,0.29842950,-0.21712650,4.17447800
0.16648570,-38.49206000,0.03789654,0.00000000,0.32235000,-0.23728730,3.81955100
0.14665540,-38.94404000,0.02908178,0.00000000,0.18297830,-0.13628420,6.65205600
0.09795298,-39.39574000,0.02241735,0.00000000,0.19613520,-0.14817660,6.11795400
0.05327693,-39.71822000,0.01863096,0.00000000,0.20784610,-0.15808470,5.73433800
0.02423286,-39.91162000,0.01667808,0.00000000,0.21591720,-0.16471230,5.50349800
-0.04677001,-40.36289000,0.01289334,0.00000000,0.23830890,-0.18261930,4.96361000
-0.07764221,-40.55622000,0.01155610,0.00000000,0.24968450,-0.19155280,4.73202200
-0.14870610,-41.00727000,0.00896790,0.00000000,0.28144070,-0.21618950,4.19254900